,title,author,genre,story,platform
0,독고3 [완전판],"민(Meen),백승훈",소년,"[독고3]
모든 일에 의욕을 잃고 표류하던 태진은 과거 당영고 씨름부 주장이었던 심상윤으로부터
영입 제안을 받게 되고 결국 현실과 타협하고 주먹의 세계에 몸을 담게 된다.
그리고 그 세계에 적응해나가면서 점차 나락으로 떨어짐을 느끼게 되는데...
독고 시리즈 중 가장 처절한 이야기가 펼쳐진다.",카카오페이지
1,뒤끝작렬,"조석호,안정혁",드라마,"“야, 착각하지마. 난 한번도 널 동생으로 생각한 적 없어. 주제를 모르고”
가슴을 파고드는 비수였다. 
한명우.
명석한 두뇌와 재벌가의 자식이었다.
다만 하늘은 모든 걸 주지않았다.
불치병 수준인 선천적 심장병.
이를 악물고 인정받기 위해 최선 또 최선을 다했다. 
그러나 아버지인 회장을 비롯해 식구 그 누구도 진심으로 대하지 않았다. 

그러던 그가 급작스런 사고를 당했다.
그리고......
치명적인 부상을 당한 대학생 김철민의 몸으로 들어갔다.
 
건강하다.
아니 건강하다못해 넘친다.
잘돌아가는 머리에 체력까지.......

이제 두 마리 토끼를 잡으러 간다.
꼭 두 마리 토끼여야 했다.",카카오페이지
2,화산권마,"진선규,우각",액션무협,"자신의 마을이 습격받고 유일하게 살아남은 담호, 하지만 담호는 절름발이다. 무인으로서 최악의 조건이지만 담호는 수련을 멈추지 않는다. 주변 사람들로부터 무인이 될 수 없다고 듣지만 끝까지 포기하지 않는 담호, 과연 그는 최고의 무인이 될 수 있을 것인가?",카카오페이지
3,카르세아린,"유중관,차우민,임경배",소년,"최초의 무단가출 드래곤 아린의 
좌충우돌 인간계 모험기!!! 
 
대륙 중앙을 차지하는 거대한 산악지대

라르테아드 산맥에는 드래곤 중 가장 성질이 더럽다는

레드 드래곤 일족이 살고 있었는데... 

평소 인간 용사의 모험을 동경하던 300살의 어린(?) 해츨링

레드 드래곤 '카르세아린'은 유일하게 알고 있는 형태 변환 마법인 

'폴리모프'를 이용해 인간으로 변신하여 



일족 몰래 무단 가출을 감행하게 된다.
 

인간이 된 아린은 용사가 되기는커녕

오크에게 쫓기고,

노예로 팔리기도 하고,

공주가 되어보기도 하면서

인간의 몸으로 험난한 모험을 시작하는데!",카카오페이지
4,지독한 릴리,"헤모,은록",로판,"시리프 신성 제국의 성녀, 릴리 스텔라.
그녀는 누구도 감히 올려다볼 수 없는 성스러운 존재였다.
하지만 어느 날부턴가 신의 목소리가 들리지 않더니, 시리프 신성 제국을 멸망으로 이끌어 버렸다.
적의 손에 의해 우물에 던져진 릴리 스텔라는 태어나서 처음으로 온 힘을 다해
평생 모셔온 시리프 신에게 저주를 퍼붓는다.

“시리프. 아직 내 목소리를 듣고 있다면, 다시 기회를 줘.
하지만 나를 이대로 죽여 당신 품에 가둔다면, 난…….”

“난 너를 산 채로 갈가리 찢어 삼킬 거야.”

눈을 떠보니 어찌 된 영문인지 릴리 스텔라는 17년 전, 6살 어린아이로 돌아와 있었다.
그리고 한없이 순백했던 릴리 스텔라는 전생의 성녀였던 자신을 버리고
오로지 자신만을 위해 한없이 지독해지기로 한다.",카카오페이지
5,책 먹는 마법사,"크루 이스트우드,메켄로",소년,"“…학생, 자네가 지금 몇 서클이지?”

3년째 아카데미를 졸업하지 못하고 있는 낙제생, 테오도르 밀러.
명석한 두뇌와 의지만으로는 재능이란 벽을 뛰어넘어 수 없었고,
마법사가 될 수 없는 불운한 현실은 계속 되었다.

그렇게 절망과 한숨의 나날 끝에 새로운 전환 점이 찾아오게 되는데...

탐욕스럽게 지식을 탐닉하고 주인의 힘으로 만들어주는 탐욕의 마도서, 
'글러트니'가 테오도르의 손에 깃들게 되었다.

어느 책이든 손만 뻗으면 그 속의 어떤 마법이라도 그의 것이 된다.
이제 수석 졸업은 따놓은 당상! 아니, 세계 정복도 시간문제?!

“그래, 전부 다 먹어 치워주마!”

노력과 근성만으로는 안 된다고? 그게 아니라 다 때가 있는 법!
순도 99% 노력파 마법사에게 '살짝 귀찮은' 1%의 기연이 찾아왔다!",카카오페이지
6,이번 생은 가주가 되겠습니다,"앤트스튜디오,몬, 앤트스튜디오,김로아",로판,"“…한번 해 보자. 내가 가주가 되는 거야.”

제국에서 제일가는 가문, 롬바르디의 사생아로 환생한 피렌티아.
게다가 이 가문은 막대한 부는 물론 외교와 문화까지 통달한
말그대로 제국의 역사 자체!

금수저 오브 금수저 인생 당첨!
앞으로는 탄탄대로일 거라 생각했는데….
아버지는 돌아가시고, 친척들은 문전박대,
거기다 그 잘나가던 가문까지 쫄딱 망해 버릴 줄이야!!

분통을 터트리며 술을 조금(?) 많이 마시며 돌아가는 길,
마차에 치여버리기까지!

“이건 해도 해도 너무하잖아….”

하지만 원망도 잠시, 눈을 뜨니 일곱 살로 돌아왔다?!
사랑하는 아버지를 다시 보는 것도 믿기지 않는데,
내가 아버지와 가문을 살릴 수도 있다고?

거기다 회귀 전 가문의 원수,
2황자가 대형견마냥 졸졸 쫓아다니기까지?!

좋아, 이렇게 된 거 2황자도 가문도 다 내 거다!

환생에 회귀까지, 인생 3회차 피렌티아의 가주되기 프로젝트!

**************************

[표지 및 타이틀 로고 디자인] 조정원

**************************

웹툰 [이번 생은 가주가 되겠습니다]는 매주 월요일, 주1회 연재됩니다.",카카오페이지
7,묵향 다크레이디,"이재헌,구깃,전동조",소년,"마교의 교주로서 극강의 무공을 자랑하던 묵향은 적들(혈교)에 의해 생전 처음 보는 생소한 이세계(판타지 세계)로 떨어지게 된다. 그곳에서 엘프, 마법사, 기사, 드래곤 등 새로운 존재들과 만나며... 무림 최고수 묵향이 원래 자신의 세상(무림)으로 돌아가기 위해 긴 모험을 떠나게 된다는 스토리.

한국의 무협소설과 판타지 문학을 사랑하는 수많은 독자들이 기다려왔던 초대형 이벤트― 웹툰계를 뒤흔들 다시없을 프로젝트가 시작된다! 
1999년부터 시작된 전설, 누계부수 300만부... 무협소설과 판타지문학을 접목시킨 기념비적인 장르소설인 [묵향]이 드디어 만화화!! 

한국 무협판타지의 한 획을 그었던 전동조 작가의 메가히트 장르소설 [묵향]을 만화화! 만화의 내용은 원작의 2부격인 [다크레이디] 편에서부터 시작한다.",카카오페이지
8,용이 비를 내리는 나라,썸머,BL/GL,"'용을 깨우는 나라는 태평성대를 누린다.'

국토의 반이 사막인 제국 라한. 
이곳 세계에서는 용이 출현한 나라가 부흥한다는 오랜 전설이 있다. 
그러나 거의 몇 백 년 전을 마지막으로 제국에서는 용이 나타나지 않았다. 

그러던 중 라한에서 용의 부화 조짐이 보이고,
야심가인 황태자는 용의 부화 소식에 누구보다 기뻐한다. 

그러나 그가 대면한 용은 아직 이지 능력도 없는 미성숙한 어린아이의 모습!
용의 성장할 때까지 기다려야 한다는 신관의 간언에 
황태자는 용의 부화 사실을 함구하라 명하고 황궁의 궁 깊숙한 곳에 용을 숨긴다. 

그리고 용의 축일 전야. 
늦은 밤, 황궁에서 일하는 스우는 
태자의 말이 있는 축사에서 정체불명의 어린 소년과 만나는데…!

어린 아이의 모습으로 태어난 용과 
나단과 함께 라한을 떠나고 싶은 소년 스우, 그리고 황태자. 
아름다운 동양의 나라에서 이들이 엮어내는 사랑과 집착의 론도.
************************************************
<소라의 눈>, <해피 버스 데이> 등 인기 만화가 썸머의 최신작!


[로고 및 표지 디자인] 디자인그룹 헌드레드

************************************************

웹툰 [용이 비를 내리는 나라]는 매주 월요일, 주1회 연재됩니다.",카카오페이지
9,환골탈태,마고(mago),드라마,"부드러운 살가죽, 짧고 까칠한 털, 작고 조그만 발....

이 해괴하고 귀여운 생물체는 대체 무엇?!

해골(스켈레톤)은 독립하면서 아기 고양이를 기르기로 한다.

드디어 이사 날에 인간계 대행 서비스를 이용해 받은 아기 고양이!
그런데 몸에 털도 별로 없고... 아기 고양이가 원래 이렇게 생겼었나?

인간계 대행 서비스 센터는 연결이 되지 않고,
졸지에 돌연변이 아기 고양이를 떠맡은 해골!

설상가상 아기 고양이의 울음소리에 옆집에서 항의가 쏟아지는데....

아기 고양이... 키울 수 있을까?!

마계에서 벌어지는 해골과 악마 아담, 서큐버스 릴리의 좌충우돌 아기 고양이 
육아 대작전이 시작합니다!",카카오페이지
10,8클래스 마법사의 회귀,"테스,류송",소년,"황제 라그나르와 통일 제국을 위해 손에 피를 묻히길 수십 년.
나는 고향으로 돌아가 속죄하며 죽은 듯이 살고자 했다.

그러나,

“자네는 언제든지 나를, 나의 제국을 집어삼킬 수 있는 8클래스의 대마법사.”
“그런 괴물을 어찌 살려둘 수가 있겠나?”

친구이자 주군이었던 라그나르에게 배신당하고 죽음의 문턱을 넘기 직전,
시간 마법의 주문이 새겨진 단검을 심장에 찔러 넣었다.

‘내가 원했던 참회란, 모든 것을 되돌려놓는 것.’


인류 최초의 8클래스 마법사 이안 페이지.
그가 30년 전 과거로 돌아왔다.",카카오페이지
11,그녀와 야수,"홍슬,마지노선",로판,"제국의 시조였던 전설적인 인물 마티나의 죽음으로부터 백 년 후,
마티나는 귀족가의 일개 여식인 아스티나로 환생한다.

전생과 다른 평화로운 일상은 잠시,
아버지의 파산으로 인해 아스티나는
야수의 형상을 한 테리오드 대공에게로 팔려 간다.

“급소를 쳐서 기절시켰어요.”
“기…… 절시키셨다고요?”

하룻밤에 죽어 나갈 것이라는 모두의 예상과 달리
그녀는 화려한 검술로 괴물 테리오드를 제압해
애완동물로 길들이기 시작한다.

“테오, 앉아.”
“컹!”

달빛이 아름다운 어느 밤,
자신을 잘 따르는 테리오드가 기특해
아스티나는 그에게 짧게 입을 맞춰 주는데……

“……테오?”

아스티나의 애완동물이……
사람이 됐다?

결핍된 괴물 남편과 무심한 아내의 본격 조련 로맨스!

==============================

[표지 및 타이틀 로고 디자인] 송가희",카카오페이지
12,무협지 최고 악당의 귀한 딸입니다,"다우,쌀국수,솔땀",로판,"부잣집 딸로 환생한 줄 알았건만, 무협지 최고 악당의 딸로 태어났다?!
무관심한 아빠, 결국 날 죽이는 오빠,
살아남기 위해선 어서 무공을 익혀 튀어야 하는데...!
이 두 빠빠... 왜 자꾸 날 귀여워하는겨?!",카카오페이지
13,나는 이 집 아이,"코튼,시야",로판,"전생의 기억이 좀 있다는 것만 빼면 평범한(?) 사생아로서 시간을 보내왔다.
그러던 어느 날, 창녀인 어머니가 열한 살이 된 나를 아버지 앞으로 데리고 갔다.

“1만 골드를 줘요.”
“2만 골드를 주지. 대신 이것에서 손 떼.”

차가운 거래에 움츠러들어 있는데 그냥 부자인 줄 알았던 아버지가, 알고 보니 제국 유일의 공작이란다.

이제 난 어떻게 되는 걸까?
내가 정말 이 집 아이일까?",카카오페이지
14,아도니스,"구당,결정,혜돌이,팀 아도니스",로판,"자신과 누구보다 닮았던 자, 그래서 서로에게만 집중했고 광적으로 집착했다.
다만 한쪽은 상대의 온기를, 한쪽은 완전히 꺾기를 원한 아르하드와 이아나.
주인공 이아나는 적국의 황제가 된 아르하드와의 싸움에서 삶을 미련 없이 끝내지만,
영문도 모른 채, 다시 되살아나 자신이 살아왔던 삶을 반복하게 된다.
전생에서 파국을 맞이하게 된 두 사람은, 새로운 생에서도 또다시 만나게 되고, 비극을 반복하게 되는 것일까….",카카오페이지
15,그 악녀를 조심하세요!,"열매,푸른칸나,뽕따맛스크류바",로판,"소설 속 희대의 악녀에 빙의했다! 싫냐고? 아니? 좋은데?
공작영애 = 돈 많은 백수인 것을 내가 마다할 리가! 꿀이나 빨면서 여유롭게 살기 딱 좋지 않은가? 원작같은 건 다 떨쳐버리고 나의 삶을 사는거야!

그렇게 다짐했던 내가 이 몸에 빙의한지 얼마 되지 않아 목격한 것은 나의 약혼남이자 원작의 남주인공인 '황태자 이안'의 불륜 현장이었다. 

내가 아닌 다른 여자를 품에 안고 시시덕거리는 그를 보며 나는 눈물……따윈 개뿔, 나오지도 않더라. 내 눈물은 비싸서 저런 쓰레기에게 흘리기엔 아깝거든. 눈물 대신 깊은 빡침을 담은 목소리로 물었다.

""전하는 개자식인가요?""

고구마밭에 떨어진 역대급 사이다 여주! 환장하는 원작을 뒤집어 엎기위한 걸크러쉬 그녀!
이유? 여주가 똥차같은 남주들에게 휘둘리기엔 너무 아까웠거든.

원작 여주에게 꼬이는 똥차들을 치우는 그녀와, 그녀만을 바라보는 늑댕이 한마리의 이야기!",카카오페이지
16,불패검선,"FIST CAT,김찬영,적하",액션무협,"시골 객점의 아들 송우문.
어릴 적부터 몸이 약했던 그는
어느 날 노도사가 그려 주고 간
산수화를 보고 바보가 된다.

그렇게 동네에선 바보라 놀림받고
부모에겐 한심한 아들로 자라지만

스무 살이 되던 날!
각성과 함께 산수화 속 절대무공을 꽃피운다!",카카오페이지
17,롱리브더킹,버드나무숲,드라마,"한 여인을 위해 불가능에 도전하는 남자가 있다. 의리와 사랑을 빼고는 아무것도 없다고 말하는 남자 장세출! 사랑하는 여인 강소현을 위해, 목숨보다 더 소중한 친구 정춘택을 위해, 목포 건달 장세출은 대통령이라는 꿈에 도전한다.
[매주 월요일 연재]",카카오페이지
18,내가 죽이기로 했다,김찹쌀,드라마,"악한 범죄자들에게 약한 처벌은 정말 정당한 것인가?
그들의 손으로 앗아온 삶의 대가를 치뤄야 하는 게 아닐까? 
륜건은 마음 속에서 법에 대한 생각이 혼란스럽고 
이때  죄지은 자들을 손수 처리하는 성태를 만나게 되는데....",카카오페이지
19,"황녀, 반역자를 각인시키다","수리(COPIN),사공(COPIN),이린비",로판,"호문클루스에 의해 황실은 망하고 제7황녀, 이뷔엔로즈는 그들 편에 선 동생에 의해 독약을 마시고 죽는다. 다시 눈을 떴을 때, 8년 전으로 돌아와 있었고 그녀는 황실의 몰락을 막기 위해 호문클루스들의 왕이자 공중감옥의 괴물 '미카엘'을 자신의 기사로 들이기로 한다.

""미카엘, 난 그대가 필요해. 아주 절실하게 말이야.""",카카오페이지
20,모시던 아가씨가 도련님이 되어버렸다,"시그마,태비의별",로판,"조연에 빙의한 지 9년 차, 모시던 아가씨가 도련님이 되어 찾아왔다.

*

원작 여주인공의 시녀 생활을 청산한 지도 4년.
웬 잘생긴 남자가 찾아왔다.
그것도, 내가 모시던 아가씨를 닮은 남자가.

“약속을 지키러 왔어, 블레아. 나와 평생을 함께하겠다고 했잖아.”
“설마… 아가씨?”

순간, 남자의 붉은 눈에 이채가 돌았다.
코앞까지 다가온 그가 고개를 기울여 내 머리카락에 입 맞췄다.
그리고 속삭였다.
아주 다정하고 아름다운 목소리로.

“이젠 도련님이라 불러야지.”

……네?

*

원작대로라면 여주인공, 클로이는 후회에 찌든 가족들을 거느리고
남주인공 후보들과 해피라이프를 즐길 수 있었다.

하지만 연재 중지되었던 원작 소설에는 큰 비밀이 있었으니……
여주인공이 알고 보니 남자라면 어떻게 되는 거지?

“크… 클로드, 가족들에게 가보지 않아도 괜찮아요?”
“말했잖아. 필요 없어.”
“그럼 저번에 그 남자분들은…….”
“지금 내 앞에서 다른 남자 이야기를 하겠다고?”

…그 남자들이 원래 당신이랑 이어져야 했을 남주인공들인데요.

“나는 너만 있으면 돼. 다른 건 알 바 아냐.”

가족 후회물의 주인공께서 모든 걸 다 뻥 차 버리고 내 곁에 있겠다고 선언했다.

“그러니, 블레아. 너도 나만 보는 거야.”

전에 없이 다정한 눈 속에 집착이 가득했다.


*********************

로판 화제작 태비의별 작가님의 <모시던 아가씨가 도련님이 되어버렸다> 본격 웹툰화!
빙의된 하녀 블레아와 츤데레 클로이의 티키타카 찐케미를 만나보세요!!

*********************",카카오페이지
21,녹음의 관,"삵,비누,시야",로판,"남자주인공에게 트라우마를 남긴 계모의 딸에 빙의했다.
이 모든 것은 내가 열 다섯 살 때 쓴 소설 속 안.
괜찮아, 어떻게든 널 행복하게 만들어줄게.
내가 이 소설의 원작자라고!

""저는 단 한번도 누님을 가족이라 생각한 적이 없습니다.""

남주 행복 프로젝트, 열심히 실천하고 있다고 생각했는데.
왜 나를 가족으로 인정해주지 않는거니?
남주가 공작이 되기 전까지 나, 무사히 살아남을 수 있을까?",카카오페이지
22,레벨업 못하는 플레이어,"앵무새,박정재,스튜디오 크힛,가빈지",소년,"18세의 나이에 '플레이어'로 각성한 김기규.

'탑'을 오르고 '게이트'를 닫으며 인생이 탄탄대로일 줄 알았는데...

튜토리얼을 아무리 클리어해도 레벨1.

1일 1고블린을 해도 레벨1.

5년이 지나도 레벨1.

""누가 알았겠냐고, 이런 플레이어가 있는지.""

그 누구도 몰랐다.

탑을 뒤흔들 레벨1의 역대급 반전 능력을!",카카오페이지
23,4000년 만에 귀환한 대마도사,"따개비,김덕용(REDICE STUDIO),낙하산",소년,"웨스트로드 아카데미의 열등생, 블레이크 가문의 수치.
괴로운 삶을 이기지 못해 죽음을 선택한
프레이 블레이크의 몸에 새로운 영혼이 깃든다.

“뭐야, 이 몸뚱이는?
하나부터 열까지 손 봐야겠군.”

대마도사 루카스 트로우맨.

열등생 프레이 블레이크의 육체로 복수의 기회를 얻다!

4000년의 시간을 넘어 귀환한
대마도사의 화려한 액션이 시작된다!",카카오페이지
24,니니툰즈,"니니즈,서콩",드라마,"베일에 쌓인 스노우타운.
지금까지 숨겨왔던 니니즈의 수줍은 귀여움이 공개된다.
코미디, 드라마, 우당탕탕 액션, 병맛까지!

다섯개의 챕터로 찾아올 니니툰즈!
과연 다음 챕터의 주인공은 누구?!

까면 깔수록 매력적인 니니즈를 니니툰즈에서 만나보자!",카카오페이지
25,무련전봉,"막묵,벽가벽",액션무협,"제자들의 경쟁이 심하기로 이름난 능력지상주의 문파 ‘능소각’. 
3년이나 수련을 했지만 종파에서 수련 등급이 가장 뒤처져 동기들에게 갖은 수모를 당하던 ‘양준’은 어느 날 의문의 서책 한 권을 발견한다. 
그 서책에는 무도(武道)를 익히는 수련법과 정체 모를 힘이 숨겨져 있는데…… 

과연 ‘양준’은 그 서책을 통해 무도(武道)를 익히고, 험난하고 외로운 싸움에서 무도(武道)의 최고봉까지 올라설 수 있을 것인가?",카카오페이지
26,아비무쌍,"노경찬,이현석",액션무협,"하늘의 뜻을 아니, 그 누가 아비父에 견주리오! 
고아로 떠돌다 운 좋게 스승을 만나 특급 해결사로 이름을 날리던 노가장.
사랑하는 여인을 만나 이름대로 가장家長이 된다는 기쁨도 잠시, 하루아침에 핏덩이 세쌍둥이를 홀로 키워야 하는 신세가 되었다. 아비는 그 어떤 경우라도 제 새끼의 입에 먹을 걸 넣어 줘야 하는 존재인 법! 노가장은 위험천만한 낭인 생활을 때려치우고 천룡회 갑급 무사가 되어  자식새끼들 잘 먹이고 입히고자 한다. 하지만 억지로 나간 출장 임무는 목숨이 위험하기만 하고 그 사이 사방에선 그의 아이들을 눈독 들이기 시작하는데…… 기다려라, 내 새끼들아! 여기 아비가 간다! 
아버지, 노가장의 좌충우돌 무협 액션&육아 일지!

* 원작소설 <지천명아비무쌍>",카카오페이지
27,미화원,강구,소년,"""나? 너희들 같은 쓰레기 청소하는 미화원.""

사회의 쓰레기들을 청소하는 미화원 조직의 일원인 진성원.
솜방망이 같은 법으로는 온전히 처벌할 수 없는
악당들을 '처리'하는 그에게
유일한 희망은 하루빨리 목표를 달성하여
가석방을 받아 여동생과 함께 사는 것뿐이다.

미화원 조직을 관리하는 강 실장의 견제 속에서
조직의 정의를 자신의 정의로 동일시하며 악당들을 처단하지만
어느 날부터 모든 것이 어긋나기 시작하는데...


-------------------------------
*매주 화요일 00시 연재됩니다.*",카카오페이지
28,학사귀환,"외솔,소유현",액션무협,"관리가 되기 위해 길을 떠났던 학사, 마현.  
행방불명된 지 십 년 만에 절대고수가 되어 돌아왔다.

“불효자 마현…… 돌아왔습니다.”

흑천맹이란 수상한 암조직을 뒤쫓는 한편,
학문의 뜻을 펼치고자 와룡서원을 열게 된다.

개성이 넘치는 10명의 제자들을 잘 키워내고,
흑천맹의 정체도 밝혀 낼 수 있을까?

중원 최강의 스승 마현의
서원 이야기가 지금 펼쳐진다!

*****************
소유현 작가님의 인기 소설 <학사귀환>을 웹툰으로 만나보세요!
*****************",카카오페이지
29,궁귀검신,"박광진,조돈형",액션무협,"조돈형 작가의 궁귀검신, 만화로 다시 태어나다!

""활이라는 것은 눈에 보이는 거리를 뛰어넘어 그 뒤에 도사리고 있는 생명까지 지배하는 병기다. 눈에 보이지도 않는 무기가 생명을 노린다고 가정을 해 보거라. 이보다 두려운 것이 또 무엇이 있겠느냐?""

악덕 조부와의 고난에 찬 수련행.
정혼녀를 찾아 떠난 즐거운 중원행.
어지러운 무림을 바로잡는 영웅행.
이기어검과 이기어도를 능가하는 이기어시의 신선한 등장! 
내일을 향해 쏘아 볼까나?!",카카오페이지
30,만렙 영웅님께서 귀환하신다!,"유도,악마꼬리",소년,"힘없는 골방왕자 데이비,
혼수상태에서 영혼이 빠져나온 그가 도착한 곳은
영웅들의 혼이 모인 거대한 회랑.

천년동안 굴려진, 그가 만렙 영웅님이 되어 귀환하셨다!

기다려라, 모두
제대로 상대해주마!

데이비의 통쾌한 복수극과 왕궁생활기가 지금 시작됩니다!

**********
악마꼬리 작가님의 인기판타지소설<만렙 영웅님께서 귀환하신다!>를 웹툰으로 만나보세요!
**********",카카오페이지
31,도굴왕,"윤쓰(REDICE STUDIO),쓰리비투에스,산지직송",소년,"현대에 출몰한 신의 무덤.
유물로 영웅의 능력을 쓰게 된 사람들, 부를 얻게 된 사람들.

그리고 그 유물을 털어가는 의문의 도굴꾼이 나타났다.

도굴왕.

""아이씨, 미치겠네. 여기도 또 그자식이 다 털어 갔냐!""

네 것도 내 것. 내 건 당연히 내 것.
다시 살아난 도굴꾼, 그가 세상 모든 무덤을 접수하기 시작한다!

------------------------------------------------------
웹툰 <도굴왕>은 매주 화요일, 금요일 주 2회 연재됩니다.
------------------------------------------------------",카카오페이지
32,괴,야설록,액션무협,"삼백 년 전의 세상으로 다시 돌아온 절대자.
허나 그가 돌아온 세상은 바로..!

괴이(怪異)하고 또 괴이한 이야기.
괴(怪)하고 괴하니 층층괴이(層層怪異)하도다.
환상 무협의 새로운 지평을 여는 대작이 지금부터 시작됩니다!",카카오페이지
33,막내 황녀님,"돌대 [악어스튜디오],사하",로판,"마도왕국을 다스리던 대법사.
어느 날 제국의 막내 황녀님으로 태어나다!

""그냥 아기인척 적당히 비위 맞춰줘야겠다.
...그런데 다들 날 너무 좋아하는 거 아냐?""

좋아하다 못해 도대체 가만 놔두질 않는다.
막내 황녀님은 오늘도 피곤하다.",카카오페이지
34,악녀는 마리오네트,"망글이,한이림",로판,"""아름다움은 진짜 권력이 될 수 없다.""

제국에서 가장 아름답다 칭송받지만,
사치와 패악밖에 모르는 황녀 카예나 힐.

그녀는 폭군 남동생이 제위를 얻기 위한 장기말로 이용 당하다
미치광이 남편에게 살해당해 악역다운 최후를 맞을 예정이었다.

…내가 그 카예나 황녀가 되기 전까지는.

""너를 황제로 만들어줄게.""
""…누님이 저를 말입니까?""
""대신 나에게 자유를 줘.""

독가시를 품은 장미,
죽음을 부르는 아름다움…

이번 생은 나로서 살아가고 싶다.

--------------------------------
*매주 화요일 00시에 연재됩니다.*",카카오페이지
35,짐승같은 스캔들,"박플럼 [악어스튜디오],샨탈",로맨스,"청아함의 대표주자 국민 여배우 여고은, 그리고 퇴폐미 넘치는 스캔들메이커 서범의. 
사실, 이 둘에게는 비밀이 있다. 소속사의 농간으로 '절친 연기'를 하고 있다는 것.

<절친 특집> 리얼리티 프로그램에서는 한없이 애틋하고 다정해 보이는 두 사람, 하지만 이 모든 건 연기였다!

""난 너랑 친구할 생각 없거든? 영.원.히.""
""나도 없거든, 친구 할 생각.""

처음에는 분명 만날 때마다 으르렁대기 바빴던 둘. 
프로그램을 촬영하면서 어느 순간 점점 더 가까워지고, 범의를 싫어하던 고은의 마음에도 작은 변화가 생기기 시작하는데...

이런 고은의 마음을 아는지 모르는지, 자꾸 고은에게 다가오는 범의. 
누군가가 간절히 필요한 상황마다 고은 앞에 나타나는 범의의 모습과 촬영 전 술집에서 범의를 봤던 기억이 겹치며 고은은 혼란스러워 한다.
가벼운 사람인 줄로만 알았는데 자신에게 진심을 보여주는 범의의 모습에 고은은 점점 더 흔들리는데...

과연 이 둘은 오해를 풀고 '가짜 절친'에서 벗어나 '진짜 연인'이 될 수 있을까?",카카오페이지
36,악녀는 두 번 산다,"피치베리(스토리웹툰),한민트",로판,"모략의 천재, 황제를 만들다!



""오빠가 잘되어야 너도 잘되는 거야.""
 
 온갖 악행을 저질러 오빠를 황제로 만들었다.
하지만 아르티제아의 헌신은 배신으로 돌아왔다.
죽음의 문턱에서 그녀에게 구원의 손을 내민 것은, 정의로운 숙적 세드릭 대공뿐이었다.

“계책을 내라.”
“…….”
“이 상황을 뒤집을 수 있는 인물을 나는 그대 외에는 떠올리지 못하겠어. 로산 후작.”
“…….”
“나에게는 그대의 힘이 필요하다.”

이미 기울어진 세력 판도를 뒤집고 도탄에 빠진 제국을 구할 계책은 없다.
그러나 방법은 있다.
모든 것이 잘못되기 이전으로 시간을 돌리는 것.

피의 눈물과 함께 그녀는 자신의 몸을 바쳐 고대마법으로 시간을 돌린다.
이번에는, 실패하지 않으리라.

죽지 않고 18세로 회귀한 아르티제아는 세드릭 대공을 위한 악녀가 될 것을 결심한다.

“저에게 청혼해 주십시오. 당신을 황제로 만들어 드리겠습니다.”


악마에게 무릎을 꿇은 대가로,
당신은 당신 대신 손을 더럽힐 악마를 얻을 것입니다.


******************************************************************************

한민트 작가님의 인기 로맨스판타지 소설<악녀는 두 번 산다>를 웹툰으로 만나보세요!

*******************************************************************************",카카오페이지
37,라지에르의 서,"김준형,시루,공든탑",소년,"사상최초로 마계를 통일한 위대한 마왕 '엠빌던'.
제르에이라 왕국 유일의 후계자인 성격파탄자 라지에르에게 빙의되었다?!

역대 최강이라 불리는 113대 마왕 엠빌던은 어느 날 한 인간에게 소환된다.
하지만 소환자인 망나니 뚱보 왕자 '라지에르 루 제르에이라 로드윌'은 소환과 동시에 그대로 사망해 버렸고
결국 계약대행 의무에 의해 엠빌던은 라지에르의 몸에 강제로 빙의되고 마는데...


탐욕스러운 라지에르가 바란 소원은 두 가지.

첫째, 자신에게 그 누구보다 강한 힘을.
둘째, 제르에이라가 세상을 지배할 수 있도록 할 것.


마계로 돌아가기 위해 어쩔 수 없이 라지에르의 생전의 소원을 들어주기로 한 엠빌던.
라지에르가 되어 그 누구보다 강한 힘으로 제르에이라 왕국이 세상을 지배하게 되는 새로운 전설의 시작이......!


""살부터 빼야겠네.""

...일단 다이어트부터 시작이다.",카카오페이지
38,프로야구생존기,최훈,드라마," 트라이아웃으로 신생구단 나이츠에 입단한 노영웅은 
꿈에 그리던 프로야구 선수 생활을 시작한다. 

 하지만, 영웅을 기다리고 있었던 건 기회조차 제대로 받지 못하는 냉혹한 현실.


 포지션을 옮기며 학생 시절보다 퇴보된 실력, 
날이 서있는 동료 선수들, 자신 밖에 모르는 스타 감독... 

 넘어야할 산들이 첩첩이 길을 가로막고 있는 상황에서 
과연 노영웅은 살아남아 프로야구 스타가 될 수 있을까? 



 야구 선수 노영웅의 프로야구 그리고 인생 서바이벌 일지!!",카카오페이지
39,다정한 그대를 지키는 방법,"하운드,김지의,마약젤리",로판,"나를 증오하는 남자와 결혼하게 되었다.
나의 어머니가 그의 가족들을 죽였으니, 당연한 일이었다.

“결혼 전에 꼭 약속해 주셨으면 하는 게 있어요
반년 후엔, 이혼해 주셨으면 해요.”

“……네?”

“억지로 하는 결혼이잖아요. 원치 않는 결혼을 굳이 이어 갈 필요 없다고 생각해요.”

“원치 않는, 결혼이요.”

그는 멍하니 나의 말을 반복했다.

[회귀/선결혼 후연애/능력녀/존대남/대형견 남주/약간의 착각계/치유계/쌍방구원/정통 로맨스 지향]",카카오페이지
40,흡혈고딩 피만두 시즌2~시즌3,탐이부,드라마,"100년 동안 다니던 정든 생활고를 떠나 마야고로 전학간 피만두!
좀 더 효율적으로 피주머니들(?)에게 접근하기 위해 피부색과 머리색을 바꾸고 나타났다!
만두의 정체를 모르는 마야고 일진들은 괜히 시비를 걸었다 번번히 당하기만 하고,
급기야 일진 보스가 피만두를 잡겠다며 계획을 세우지만 결과는 과연....",카카오페이지
41,원존: 용의 비상,"천잠토두,Dr.대길",소년,"용의 기운을 빼앗긴 대주국의 세자 주원, 8맥이 막히면서 원사(源師) 수련은 불가능해진다. 일반인보다 약한 체질로 낙인 찍힌 주원, 하지만 붓으로 주문을 새기는 기술인 원문(源紋)을 수련하면서 또 다른 힘을 보여준다. 남다른 의지력과 불굴의 의지로 주원은 번번이 사람들의 예상을 깨고 불가능을 이루어 낸다. 그러던 어느 날, 드디어 숙명의 라이벌, 용의 기운을 앗아간 무왕국의 세자와 맞붙게 되는데… 과연 주원은 용의 기운을 되찾고 무왕국에 의해 쇠락한 나라를 다시 일어세울 수 있을까?",카카오페이지
42,"사실, 그들은 오직 그녀만을 기억하고 있었습니다","신이호,류희온",드라마,"“떠나겠습니다.”
“이렇게 갑자기 고향으로 돌아가면, 전우들이 아쉬워 할 텐데?”
“기반 하나 없는 평민 기사를 기억할 이는 아무도 없을 겁니다.”

전쟁이 끝나고, 평민 출신의 기사 ‘클라렌스 홀턴’은
전쟁의 승리 후 자신이 받을 수 있는 약속된 명예와 행복을 마다한 채
모든 걸 내려놓고 홀연히 떠나게 된다.

하지만.

“대체, 클라렌스는 어디로 갔단 말입니까!”

아무도 자신을 기억하지 못할 거라는 그녀의 예상과는 달리,
그녀가 떠났다는 소식에 제국의 황태자도, 과묵한 기사 단장도,
천재 마법사도, 신전의 사제까지 일어섰다.

그리고 사라진 그녀를 향한 추격전!
클라렌스에게 찾아올 네 명의 행복을 기다리는 힐링 로맨스 판타지!

==============================

[표지 및 타이틀 로고 디자인] 디자인그룹 헌드레드",카카오페이지
43,로드 오브 머니,"손주환,무장",드라마,"재계 서열 5위 <지경그룹>의 망나니 셋째 아들 천중명. 
그의 밑에서 비서로 일하는 성창욱.

그런 성창욱을 사고사로 위장해 죽이려는 천중명은 
성창욱과 함께 전기에 감전되어 버리고 
둘은 하루 아침에 몸이 바뀌고 마는데… 

꼴통 재벌 천중명의 몸으로 다시 태어난 성창욱! 

“세상에 없던 꼴통 재벌이 되라는 겁니까?”
“내가 나서면 지옥문 열리는 겁니다.”

로드 오브 머니(Lord of money) 천중명의 거침없는 행보가 시작된다.",카카오페이지
44,악녀의 애완동물,"서보,하르넨",로판,"“우리 악녀님 하고 싶은 일 다 해.
단, 그 새끼만 만나지 마.”

별 볼 일 없는 가문의 딸인 샤샤는 빙의 후
그나마 믿을 만한 얼굴을 무기로 귀족 영애들에게 접근한다.
그래서 얻게 된 별명이 ‘높으신 분들의 애완동물.’
자신의 특기를 살려 여주인공 곁에서 꿀 빨며 살려던
샤샤의 앞에 원작의 악녀이자 황태자의 약혼녀 레베카가 나타난다.

원작의 결말을 알고 있는 샤샤는 레베카를 멀리하려 하지만
어쩐지 쿨하고 멋진 그녀에게서 눈을 뗄 수가 없다!
파멸이 예정된 레베카를 두고 볼 수 없게 된 샤샤.

샤샤는 치명적인 귀여움을 무기로
레베카와 바람둥이 황태자 사이를 멀어지게 하는데…….

샤샤는 레베카의 옆에서 호의호식하며 살 수 있을까?!
악녀 레베카X애완동물 샤샤의 힐링 판타지!

========================================

[표지 및 타이틀 로고 디자인] 송가희",카카오페이지
45,용사의 전 여친입니다,"지현,SETE,송서림",로판,"뻔한 삼류 소설 속 여주인공인 메이즈에 빙의하여 꿀 빠는 핑크빛 인생을 즐기는 줄 알았는데.. 기대했던 여주인공의 삶은 녹록하지 않았다!

용사인 남자친구에게는 여자들이 끊이지 않고, 
온갖 범죄에 휩쓸려 용사가 구하러 오길 기다리는 일상들에 지쳐버린 메이즈. 

남자친구 슈크르에게 이별을 고하고, 맞선에서 만난 이스 란셀과 사랑에 빠져 연애 결혼에 골인하는데....뭐? 내 남편이 마왕이라고!?",카카오페이지
46,남주의 엄마가 되어버렸다,"산호,걈미,엉쓰,고은채",로판,"남주 덕질 3년차.
아들 바보, 폭군 하데스 루버몬트 공작에게 딱 걸리고 말았다.
“줄기차게 따라다녀, 비싼 선물 공세에, 이제는 목숨 아까운 줄도 모르고 혈혈단신으로 북부까지 올라오다니…….”
“미안합니다. 할 말이 없네요.”
“그래, 내가 졌어. 도저히 모른 척할 수가 없는 정성이야.”
“……역시 제가 좀 그렇죠? 제가 생각하기에도 이만한 정성이 없어요.”
“좋다고 따라다니는 여자들은 꽤 됐지만, 영애만큼 집요한 사람은 본 적이 없어. 놀라울 정도야. 하지, 결혼. 빠른 시일 내에.”
“하아…….”
“…….”
“예, 받아들이겠습니다.”
“…….”
“아니, 예?! 뭐라고요?”

시방 이것이 뭔 소리라니?
잘못 들은 게 분명하겠지?
그러나 공작은, 멍해진 내 얼굴을 바라보며 피식 웃더니 제대로 확인 사살을 해줬다.

“해주겠다고, 결혼.”

이럴 수가.
남주 아빠의 자의식 과잉이 상당하다.

[책빙의(일까?^^)/ 착각계/ 내가 따라다닌 건 너 말고 네 아들!/ 성덕이 된 여주X자의식 과잉만 빼면 멋진 아버님/ 아들 귀여워!]",카카오페이지
47,불사무적,디크리시,액션무협,"무림공적의 누명을 쓰고 죽게 된 불사존! 15년 전 명문가의 진고운으로 다시 태어나다!
시중사교주의 음모를 막기위한 그의 활약을 기대하시라!",카카오페이지
48,이 봄을 갖고 싶다,황미리,로맨스,"이 남자가 내 맘에 들어오는 순간.
불안하고 어색하고 화가 났다가도.
간지럽고 두근두근거린다.

밀어내고 밀어내도
계속 다가오는 당신.
내 불안과 두려움이
숨 막힐 듯 조여 온다는 걸
당신은 알까? 

지금껏 여자와의 관계에 있어서는 
늘 내가 우위에 있었는데.
어째서 너는 잡힐 듯 잡히지 않으면서
폭풍처럼 날 흔드는 거지?

안고 싶다.
만지고 싶다.
가지고 싶다.

이 여린 여자를 내 걸로 만들고 싶다.
미친놈! 이런 상황에서도 가지고 싶다니!
차 준우! 너 진짜 미쳐도 단단히 미쳤구나!",카카오페이지
49,악녀를 죽여 줘,"해기,사월생",로판,"소설 속 악녀, 에리스 미제리안.
착하고 사랑스러운 주인공 헬레나를 질투해
음모를 꾸미다 사형당하는 후작가의 외동딸.

그녀에게 빙의한 '나'의 목표는 오직
이 세계를 탈출해서 집으로 돌아가는 것.
그것을 위해서라면 죽음도 불사하겠노라 각오했지만
'나'를 옭아맨 세계의 법칙은 끈질기기만 하다.

예전과는 달라진 에리스의 모습에
에리스를 증오하던 소설 속 세 남주,
황태자와 대신관, 용사마저 시선을 보내기 시작하는데….

""그렇다고 해도 나는 도저히
이 세계를 사랑할 수 없다.""

여기를 나갈 방법이 오직 죽음뿐이어도.
그걸 위해 마녀와 손을 잡는다고 해도.
나는 반드시 이 세계를 탈출하겠어!

운명을 거부하는 악녀 에리스의 이세계 탈출기!

**************************

[표지 및 타이틀 로고 디자인] 조정원

**************************

웹툰 [악녀를 죽여 줘]는 매주 화요일, 주1회 연재됩니다.",카카오페이지
50,록사나 : 여주인공의 오빠를 지키는 방법,"백지연,여름빛,킨",로판,"※알려드립니다.
본 작품은 피폐 장르의 특성상 다소 가학적인 표현과
유혈 묘사가 포함되어 있습니다.
원작의 매력과 분위기를 담고자 하였으나
다소 불편하게 느끼실 만한 이미지가 있사오니 감상에 유의 부탁드립니다.

***

어쩌다 보니 19금 역하렘 소설에 빙의했다.
문제는 내가 악역 서브남의 누나가 되었다는 건데...
망할 아버지가 기어이 여자 주인공의 오빠를 납치해 왔다.

이제 여주인공의 가문에 복수 당해 몰락할 일만 남은 건가.
아아, 데드 플래그 피하기 진짜 힘들다.

""이번 장난감에는 저도 흥미가 있어요.""

오빠, 이렇게 된 이상 내가 지켜줄게요.
그러니까 이 은혜는 나중에 꼭 갚아요, 알았죠?",카카오페이지
51,SSS급으로는 부족했다,QTstudio,소년,"인류 최강이자 최초로 sss급 헌터가 된 이다온.

그러나 인류를 뛰어넘는 몬스터의 등장으로 인해
전쟁에서 패배한 그는 엄청난 마력 폭발에 휩쓸린다.

죽음을 맞이한 줄 알았던 그는
50년 전 과거로 회귀하게 되는데…

'SSS급으로도 부족했어.
이론만으로 존재하는 '마스터'가 되어야
종말 전쟁을 막을 수 있다면…

얼마든지 되어주지!'",카카오페이지
52,킬러지만 공주로 살아볼까 해,"김예린,장유라",로판,"전문 킬러였던 리에나는 낯선 세계에서 공주로 빙의해 깨어난다. 



빙의를 눈치챈 약혼자는 한가지 계약을 통해 원래 세계로 돌아가게 해주겠다고 하지만, 계약내용이 한없이 이상하다.



게다가 소꿉친구인 소년백작 아르젠은 상냥한 눈빛으로 그녀를 이곳에 남고 싶게 만든다. 



하지만 흔들린 것도 잠시, 자신을 소환한 자들의 암살 공격이 이어진다. 



적인지 아군인지 모호한 두 남자의 미묘한 도움을 받으며 싸워나가던 리에나는 결국 소환의 비밀을 알아내는데...",카카오페이지
53,해골병사는 던전을 지키지 못했다,"앤트스튜디오,소소리",소년,"나는 ‘해골병사’.
주인인 서큐버스님을 용사로부터 지키지 못하고 
그저 하찮게 부서져 버린 일개 몬스터.

그렇게 죽음을 맞이하는 줄 알았다.

그러나

정신을 차려보니, 20년 전 사령술사에 의해 눈을 뜬 그 날로 돌아왔다.

‘띠링!’

남들에게는 보이지 않는 상태창과 함께,
죽어도 죽어도 몇 번이고 되살아나게 되었다.

이 힘을 이용하면...던전을 지킬 수 있을까?",카카오페이지
54,낭선기환담,"김순태,낭선",액션무협,"호랑이로 환생하여, 영물이 되어 살아가던 산의 주인 산군.
평화롭게 살아가던 산군의 앞에 한 소녀가 찾아오게 된다. 
대뜸 지아비로 모시겠다고 하는 소녀. 귀찮은 산군은 그녀를 내쫓으려고 하지만, 그녀는 돌아갈 곳이 없다.
결국 소녀를 거두기로 결심한 산군. 그런 그에게 수많은 위협이 닥쳐오게 되는데….",카카오페이지
55,강려크한 지지리,호욤,소년,"지상 최강이지만 최약으로 살아가는 지지리.

최강의 무력을 가진 어머니와 조폭 가문의 아버지 사이에서 태어난 주인공 지지리(池知理). 갓난아기 때부터 집을 부수고 가구를 부수고 아버지를 부수(?)는 괴력을 발휘한다. 아버지와 어머니는 이런 지지리의 평범한 인생을 위해 지지리를 세뇌를 시킨다. 

""넌 지상 최약체야"" ""그 누구와도 가까이 지내선 안돼""

그 누구보다 아싸가 되고 싶은 지상 최강 찌질이의 트라우마 극복 성장기. 

<강려크한 지지리>",카카오페이지
56,인소의 법칙,"아현,유한려",로맨스,"인터넷 소설 읽기가 취미였던 평범한 학생 함단이.
어느 날 자고 일어나니 옆집에는 아주 예쁜 여학생 반여령이,
학교에는 그 이름도 무시무시한 사대천왕이 나타났다!

하루아침에 소설처럼 뒤바뀐 세계,
그리고 함단이의 역할은 다름 아닌 여주인공 소꿉친구 중 하나.

[인터넷 소설의 법칙!]
여주 친구는 각종 위험에 휩싸인다!

단이의 평화로운 일상을 되찾을 유일한 방법.

“그래! 반여령과 사대천왕하고 엮이지 않는 거야!”

그러나 다짐과는 다르게 그녀의 일상은
강렬한 개성의 사대천왕과 여주인공으로 인해 갈수록 꼬여 가는데……?!

과연 그 결말은?

인기 절정의 웹소설 <인소의 법칙>,
<오!주예수여> 아현 작가의 웹툰으로 재탄생!

==============================

[표지 및 타이틀 로고 디자인] 디자인그룹 헌드레드",카카오페이지
57,폭군 오빠가 셋이래요,"km,깨구리,박하,조밀",로판,"이름조차 없어 수요일로 불리는 요일 노예, 수요일.
작은 반항에 죽을 위기에 처한 그때,

""━드디어 찾았군.""

하루아침에 오빠가 셋이나 생겨 버렸다.

아스카니어 황가의 저주를 풀 유일한 열쇠가 나라고?


""지금 입고 있는 옷이 꽉 끼어서 더는 입지 못하게 될 정도로 건강해질 것.그게 네 첫 번째 숙제란다.”

""걱정 마, 꼬맹아. 못된 악당은 전부 오라버니가 혼내 줄게.”

""병아리 같아. 작고, 약해. 지켜 줄래. 내가 지켜 줄 거야.”


그런데 폭군이라고 불리는 오빠들이 
왜 나한테만 다정한 건데!?

갑자기 생긴 오빠들의 본격 막내 편애 로맨스,
폭군 오빠가 셋이래요.",카카오페이지
58,당신의 이해를 돕기 위하여,"라뇽,오션,이보라",로판,"왕녀인 바이올렛은 왕실의 막대한 빚을 갚아준
윈터 블루밍과 결혼한다.

결혼식에서 처음 본 윈터에게 반한 바이올렛.
운이 좋다고 생각한 것도 잠시, 
오빠인 에쉬가 왕실 해체를 선언하자
사기꾼이라는 오명을 뒤집어쓴다. 

작위도 얻지 못하고 전 재산만 날린 윈터는
결혼 첫날밤에도 집으로 돌아오지 않는다. 

지옥 같은 결혼생활을 한 지도 3년.

“저 바쁜 남자가 내 장례식엔 와줄까?”

돈을 버는 데만 열중하고, 자신에겐 냉담하기만 한 윈터로 인해
바이올렛은 점차 시들어 간다.

모든 것을 끝내리라 마음먹은 그때, 윈터와 몸이 뒤바뀌는데….

“내가 정말 미쳐버렸나 봐, 이건 망상일까?”",카카오페이지
59,이미테이션,박경란,로맨스,"""나는 '진짜'를 꿈꿉니다.""

약육강식과도 같은 연예계. 
그곳에서 탑 솔로 가수 라리마와 닮은 이미지로
반짝 인기를 끌었던 마하는 천우신조로 
인기 방송 프로그램에 출연하는 기회를 얻게 된다.

어떻게든 대중들에게 눈도장을 찍기 위해 
최선을 다하지만 결과는 탑 아이돌 그룹 샥스의 멤버를 
다치게 만드는 걸로 끝이 나고 마는데…

그저 열심히 했던 것뿐인데, 왜 이렇게 돼버린 걸까?

'진짜'를 꿈꾸는 별들의 이야기.

<이미테이션>

많은 관심 부탁드립니다.",카카오페이지
60,악녀의 남주님,"R수없음,이하론",로판,"유니페 마그놀리아.

여주인공 라엘 카니아의 친구이자 악녀.

소설 속 유니페는
남주 이시드를 사랑하여
그의 사랑을 받는 라엘을 질투해 괴롭히다가
남조 카시안에게

죽임을 당하는 운명이다…

그런데,

""내가 왜 유니페가 된 거야!!""


하지만 다시 생각해보자.

유니페가 죽임을 당하는 건 1년 후니까
일단 이시드를 만나다가
이시드와 라엘이 만나면
빠져나오면 되니까,

일단 만나보는 거야!

그런데,
해도해도 너무 다정하고 따듯한 이 남자와
과연 헤어질 수 있을까?

『악녀의 남주님』 지금부터 시작합니다!
--------------------------------
*매주 수요일 00시에 연재됩니다.*",카카오페이지
61,닥터 최태수,"조석호,임성욱(악어스튜디오),김한석",드라마,"대학병원의 가장 말단 의사, 걸어다니는 깡통― 인턴.

하루하루, 인턴으로서의 고된 나날을 보내던 최태수는 우연히 세계최정상의 흉부외과의사인 '리처드 카프레네'의 임종을 지키게 된다.

이때, 놀랍게도 카프레네의 모든 의학지식이 고스란히 최태수에게 전이되는데…!! 

따뜻한 심장을 지닌 천재흉부외과의, 최태수가 일궈내는 기적의 메디컬 드라마!",카카오페이지
62,날것 : 공작가의 하녀로 빙의했습니다,"로하,주아리",로판,"남주인공인 줄 알았던 소설 속 최애 캐릭터가, 사실은 서브남이었다?
그것도 모자라, 황태자인 남주에게 반란을 일으키고 처형당하는 엔딩?

‘…나였으면 그를 행복하게 만들어 줬을 텐데….’

서브남앓이를 불쌍하게 본 하늘의 뜻인가?
잠에서 깨어나 보니 소설 속 최애의……

저택 하녀1로 빙의되었다?!

온몸을 갉아먹는 저주, 공작 가문의 수치, 사랑에 굶주린 어린 짐승.
온갖 비극적 설정을 끌어안은 서브남 ‘리안드로 치릴로 벨라비티’의 일생이 한 엑스트라의 등장으로 변해가기 시작하는데,
어째…… 리안드로의 플래그 방향 또한 변하는 것 같은 느낌이…?

비틀리는 소설의 전개와 함께 밝혀지는 끔찍한 저주의 진실은?!

========================================

[표지 및 로고 디자인] 송지혜",카카오페이지
63,나 혼자 만렙 귀환자,"이지득,Vertwo,허니",소년,"전 세계 1억 2천만 명의 인구가 사라졌다. 

[최종 퀘스트 완료 보상 '귀환'이 시작됩니다]

22년 만에 최악의 생존게임을 클리어한 윤상혁.
일일군단, 플레이어 중 최강자라 불리던 그가 돌아왔다.
그 누구도 받지 못한 보상을 통해 모든 것을 가진 채로.

[가면의 군주, 귀환]

나 혼자 만렙, 나 혼자 풀템, 나 혼자 사이다!",카카오페이지
64,"계모인데, 딸이 너무 귀여워","모구랭,이르",로판,"다이어트도, 업무도 열심히 하면서 평범하게 살아가던 나 이백합….
과로사로 죽은 줄 알았는데 자신보다 예쁜 의붓딸을 질투한 나머지 딸을 독살하고,
결국 남편에게 처형되는 동화에 빙의했다?!

이대로 처형당할 수 없으니 귀엽고 사랑스러운 딸,
블랑슈와의 관계를 개선해 사망 플래그를 없애야 한다!

뭘 해도 귀여운 블랑슈에게 사랑을 퍼붓는 일은 즐거운데…

“우습군요. 부인이 언제부터 그렇게 블랑슈를 아꼈다고?”

망할 남편 놈이 날 자꾸 방해한다!

“저도 블랑슈의 부모입니다. 절 의심한 걸 사과하세요.""
“사과하지 않으면?” 
“오늘 밤 전하의 침소로 찾아가겠어요.”
“…….”
“특별히 아주 섹시한 속옷도 준비했답니다.”

나는 싱긋 웃으며 치명타를 날렸다.

“지금 당장 보여드릴까요?”

순식간에 일그러지는 남편의 얼굴이 아주 볼만했으니,
나는 계획한 대로 귀여운 딸 블랑슈를 덕질하며
행복한 두 번째 삶을 살 수 있을까?!

#딸덕질 #가족물 #로맨스코미디",카카오페이지
65,북검전기,"해민,우각",액션무협,"무협소설의 최강자 우각의 동명 소설 <북검전기>가 만화로 새롭게 태어나다!

세상을 혼란에 빠뜨린 집단 밀야에 맞서기 위해 중원의 고수들이 모여 만들어낸 북천문!
북천문의 강력한 투쟁으로 밀야는 서서히 그 모습을 감추었고, 북천문은 중원을 평화를 대표하는 집단으로서 강력한 위용을 과시하게 되었다.
그러나 평화가 길어지자 중원의 고수들 사이에서는 북천문에 대한 은밀한 시기가 생겨났고, 결국 북천문의 4대 문주인 진관호는 배신자들에게 둘러싸인 채 스스로 목숨을 끊음으로서 파국의 끝을 맞이하게 된다. 
모두가 떠난 북천문에 홀로 남은 진관호의 아들 진무원(13세)은 무공이라고는 손톱만큼도 알지 못 하는 어린 소년. 그러나 남몰래 아버지가 전수한 고어(古語)를 통해 북천문의 벽에 새겨진 무공을 익히기 시작한다. 
그러던 어느날, 진무원의 앞에 정체를 알 수 없는 한 소녀가 나타나게 되는데…!!",카카오페이지
66,박한후의 매니저,김탁,BL/GL,"고아인 찬솔은 미친놈으로 소문나있고 자신과 같은 왕따인 
아웃사이더 한후와 친해져 처음으로 또래친구를 사귀게 된다.
 
찬솔은 한후에게 계속 옆에 있겠다는 말을 하지만
모종의 사건으로 행방불명 되고, 한후는 약속을 지키지 않은 채
사라진 찬솔에게 깊은 분노를 느끼며 칼을 갈게 되는데....",카카오페이지
67,장르를 바꿔보도록 하겠습니다,"가린,KEN",로판,"좋아했던 장르 소설 속에 빙의했다.
하필이면 어린 주인공을 학대하는 악역 이모로.

복수극의 주인공으로 자라날 조카가 안쓰러워  
원작대로, 삼촌이 나타나 조카를 데려갈 때까지만이라도
살뜰히 보살피려 노력했다.

그랬더니...

""어, 엄마!""

졸지에 애엄마가 되어버렸다?! 

""사정이 어떻게 되신 건지는 모르겠습니다만, 모자지간을 어떻게 찢어두겠습니까?
숙녀분도 함께 빈터발트로 가시지요.""

야, 김루카! 
이 오해는 어떻게 풀어줄 건데!",카카오페이지
68,프리실라의 결혼 의뢰,"메로나,임서림",로판,"프리실라 모티아는 용병단에서 마법사로 일하고 있지만, 
한때 영지를 가진 백작가의 외동딸이었다.
아버지가 돌아가시고, 
계모가 사치품으로 재산을 모두 탕진해 10살 연상의 이혼남에게 팔아먹기 전까진…….
 
용병일을 하다 닥친 사고로
프리실라는 죽기 직전 ‘드래곤 하트’를 손에 넣는다.
잃어버린 15년을 되찾을 기회!
그녀는 큰 모험을 시도하기로 결심한다.
 
“돌아왔구나!”
 
하지만, 돌아온 프리실라를 기다리고 있는 건 엄청난 빚과 
그녀와의 결혼으로 영지와 작위를 빼앗을 궁리를 하는 이혼남.
 
프리실라는 복수를 위해
전장의 검은 사신 키안 루스틴을 찾아간다.
 
“당신에게 의뢰를 하고 싶어요.”
“무슨 의뢰죠? 암살의뢰인가요?”
 
“키안 루스틴! 제 남편이 되어주세요.”
 
과연, 프리실라는 의뢰를 허락받고 영지도 사랑도 쟁취할 수 있을까?
 
*****************************************************
임서림 작가님의 <프리실라의 결혼의뢰> 웹툰화!
프리실라의 복수과 심장 쫄깃한 로맨스를 기대해주세요!
***************************************************** ",카카오페이지
69,강철의 연금술사 컬러웹툰,Hiromu Arakawa,소년,"많은 독자 여러분께 사랑을 받았던 <강철의 연금술사>가 '컬러 웹툰'으로 한층 업그레이드 하여 새롭게 연재를 시작합니다!
원작에 충실하며, '화려한 이펙트', 말풍선에 가려졌던 '히든 컷'들을 추가하였습니다.
재미요소를 추가하여 새롭게 연성된 <강철의 연금술사 - 컬러 웹툰> 지금 만나보세요.

연금술로 엄마를 되살리려던 에드워드, 알폰스 형제의 모험이 시작된다! ⓒ Hiromu Arakawa/SQUARE ENIX CO., LTD.",카카오페이지
70,이계 검왕 생존기,"권순규,스튜디오 크힛,임경배",소년,"『귀하는 적합자로 선택받았습니다』

『귀하의 재능으로 셀하 라트나에서 생존할 확률은 5% 미만입니다』

『자살하시겠습니까? Y/N』

“x-까.”

5% 미만의 생존 확률. 22년의 시간. 셀 수도 없는 마견과의 사투.
이 지옥에서, 나는 홀로 살아남았다.

5라는 레벨 뒤에 감춰진, 무지막지한 히든 스탯들과 함께!

대검 하나로 이계를 썰어버리는,
사상 최강의 레벨5 검사 류한빈의 극한 사이다 생존기!",카카오페이지
71,쌍둥이 남매의 뉴라이프,"김승원(redice studio),nicca,아이데라",로판,"""둘의 이름은 아르헨과 아리엔이라고 하지.""

평범한 고등학생이자 쌍둥이였던 우리.
갑작스러운 사고로 목숨을 잃은 후 시작된
쌍둥이 남매의 인생 2회차!

폭력적인 어머니와 함께 버려진 성에 방치한
얼음장처럼 차가운 아버지, 황제.

남매의 다섯 번째 생일.
아이들 보기를 돌같이 하던 황제가 갑자기 아이들을 찾는다.

""갑자기 우리를 왜...?""

믿을 사람이라곤 우리 둘뿐!
쌍둥이 남매의 고군분투 황실에서 살아남기 프로젝트!

 -------------------------------------------------------
 웹툰 <쌍둥이 남매의 뉴라이프>는 매주 수요일 연재됩니다.
 -------------------------------------------------------",카카오페이지
72,쉬고 싶은 레이디,"솜땀,최엠제,유인(流人)",로판,"왕, 마법사, 악사, 검사, 부호, 거지, 성녀, 마녀...
수없이 전생을 거듭하며 그녀는 천년을 살았다. 

때론 세상에서 가장 존귀한 자로, 때론 가장 비천한 자로.
그중에서도 53번째 삶은 손꼽힐 정도로 처참하고 괴로웠다.

그리고 다시 시작된 54번째 삶, 그녀는 지쳤다.
“다 귀찮아. 이젠 제발 좀 쉬고 싶어.”

이번만큼은 반드시 게으름뱅이 나무늘보의 삶을 살고자 결심했는데...

“왜 자꾸 귀찮게 하니... 언니 좀 쉬자.”",카카오페이지
73,역하렘 게임 속으로 떨어진 모양입니다,"고야,이늬",로판,"Reset, 
and game set.

눈을 뜨니 모든게 달라졌다.
나는 모두가 두려워하는 게임 속 악역 황녀가 되어있었다.
그리고, 낯선 남자들이 헐벗은 몸으로 나를 향해 다가온다.

""추우세요? 제가 안아드릴까요?""
""왜? 아직도 모자라나?""

도대체 이 상황, 어떻게 된거지?
이 망할 게임은 어떻게 해야 빠져나갈 수 있는거야?",카카오페이지
74,나 혼자 천재 DNA,"지운성,임이도",드라마,"[당신은 인류 역사상 최초로 생명의 플레이어가 되었습니다.]

내 몸에 스며든 생명세포 로잘린.
로잘린과 함께라면, 아무도 모르는 생명의 비밀을 전부 파헤칠 수 있다.

-류 박사님! 박사님이 만든 세포가 배지에서 자랐어요! 이거 배아줄기세포 맞죠?!

세상의 모든 불치병들,
백혈병, 치매, 조현병, 폐암, 췌장암……

‘저걸 다 정복할 수 있을까?’

[물론입니다.]

모든 질병을 정복해 가는 류영준 박사와 로잘린의 이야기.

나 혼자 천재 DNA",카카오페이지
75,Retry: 다시 한번 최강 신선으로,"십리검신,대행도동만",소년,"수선계에서 북현선존이라는 별호로 불리며, 신선이 되기 위한 수련을 하고 있던 진범은 마지막 단계에서 심마를 이기지 못하고 실패하여 죽음을 맞이한다. 
그런데, 눈을 뜬 그가 있는 곳은 그가 수선계로 오기 전에 있었던 현대의 지구! 심지어 스무 살 때의 과거의 자신의 몸에서 정신을 차린 진범은 회귀한 것을 깨닫고 자신이 알고 있는 어두운 미래를 전부 바꾸겠다고 다짐한다. 
거기다, 다시 한번 차근차근 최고의 선공으로 수련을 시작하여 이번에야말로 신선이 되겠다고 다짐하는데…",카카오페이지
76,폭군의 보호자는 악역 마녀입니다,"만달,하리,라타,블루라군",로판,"19금 피폐 로맨스 판타지 소설 속 악역, 
무시무시한 마녀에 빙의했다.
스토리에 따르면 마녀는 자신이 키운 폭군 남주인공에게 죽는 운명!

다행히도 남주인공이 태어나려면 아직 200년이나 남은 상황.

""그럼 느긋하게 대책을 생각해볼까?""

ㅡ 그러나 200년은 순식간에 지나갔고.

어느새 내 눈앞에서 벌벌 떨며 서 있는 7세의 어린 남주가 말했다.

""제가 갑자기 찾아와서 곤란해지신 거 알아요.
죄송해요. 절 궁으로 돌려 보내셔도 괜찮아요...""

뭐야, 이 뽀시래기는...? 어쩌면 나, 조금의 희망은 있는지도?!

음... 우선 잔뜩 겁먹은 이 꼬마부터 달래보자 싶어
내가 할 수 있는 최대한의 상냥함으로 말했다.

""어처구니가 없구나.
내가 너 같은 꼬마 하나 때문에 곤란해질 사람으로 보이느냐?
그리고 어딜 돌아가겠다는 거야? 갈.곳.도.없.는.주.제.에.""

""...!""

갑자기 꼬마가 울먹이기 시작했다.

...어라, 이게 아닌가?;;

+ + + + + + + + + + + + + + + + + + + + + + + + + + + + + + + + + 

! 빙의한 세계에서 벌어진 생존 MISSION ★ !

  ㅡ 장차 폭군이 될 예정인 남주를 착한 아이로 키워라 !


#로맨스판타지 #힐링물 #육아물 #연상연하 #빙의물",카카오페이지
77,칼집의 아이,"김형민,양경일",소년,"난쟁이 할아버지와 낚시를 즐기고 세상을 떠돌며 나름 행복하게 살아가던 주인공 ‘비라’.

어느 날 할아버지는 비라에게 북쪽 끝에 있는 숲으로 가서 자신을 기다리라는 말을 남긴 채 어디론가 다급히 사라진다.

평소 절대로 사람들의 인생에 끼어들지도, 호의를 받지도 말라던 할아버지의 가르침을 가슴에 담아둔 채, 비라는 곰 가족 ‘보로’와 사람의 손길이 닿지 않는 깊은 숲속에서 꿋꿋하게 살아간다.

어느 날 계곡에서 낚시를 하던 비라는 북천마교에게 쫓겨 위기에 빠진 ‘탄유’라고 불리는 청년과 마주치게 되고, 
자신과는 다르게 자신의 목숨이 위태로운 상황에서도 비라를 챙기는 탄유의 모습에서 옛 할아버지의 모습을 보게 된다.

결국 비라는 ‘사람들의 인생에 끼어들지 말라’는 할아버지의 가르침을 어기고 탄유를 위험 속에서 도와주고, 이 인연으로 두 사람은 친구이자 의형제가 된다.

하지만 탄유는 비라가 잠든 사이 북천마교의 교주를 만나 꼭 확인해야 할 일이 있다며, 다시 돌아오겠다는 말을 남기고 훌쩍 떠나는데……

탄유가 향한 곳은 ‘통곡의 폐허’라 불리는 위험지역.

잠에서 깬 비라는 보로에게 탄유의 위험한 상황을 듣게 되고, 망설임 끝에 숲에서 기다리라는 할아버지의 유언을 뒤로 한 채 
탄유를 구하기 위해 숲속을 벗어나 세상 밖으로 나간다. 


인간들의 전쟁과 무림의 혈투가 소용돌이치는 난세 속으로 몸을 던지는 비라의 모험담이 펼쳐진다! 



아일랜드, 신암행어사의 ‘양경일 작가’ 신작 웹툰 <칼집의 아이>

-------------------------------
웹툰 <칼집의 아이>는 매주 수요일, 6회 연재후 1회 휴재 연재됩니다.
-------------------------------",카카오페이지
78,"아 하세요, 금수저 들어갑니다","신유성,포르토피노",로판,"""나도 반찬 싸움 말고 재산 싸움 한번 해보고 싶어! 형제의 난 한번 일으켜보자고!""

대한민국 대표 흙수저로 억울한 삶을 마감했지만 2회차는 드디어 재벌 딸이다!
그것도 남부를 장악한 대재벌 세르지오 가의 후계자로!

비록 세기말 악녀의 언니라는 단점이 있긴 했지만 무슨 상관?
어차피 그 애는 시한부에 나는 후계자인데!
하지만 그새를 못참고 여동생은 뒤통수를 쳐주시고
인생 목표였던 상단의 후계자 자리가 위태해진다.

아버지가 돌아오시기 전까지는 2주,
그사이 어떻게든 제국 최고의 신랑감을 데려와야 한다.",카카오페이지
79,정령왕의 딸,"구름빛(COPIN),꿀차(COPIN),박신애",드라마,"평범한 대한민국의 여고생인 해인은 어느 날 수영장에 놀러 갔다가 이상한 소용돌이에 휘말려 정신을 잃게 된다.
깨어나 보니 이 세계의 바닷속.

그녀는 자신을 아버지라고 주장하는 정령왕 엘라임과 마주하는데…
물의 정령왕인 아버지와 하프 엘프 어머니 사이에서 태어났다는 사실을 알게 된 해인. 그녀는 갑작스럽게 온 이세계에서 살아남을 수 있을까?",카카오페이지
80,드래곤에고,타쿵이,소년,"전세계적 인기를 누리는 MMORPG <히든에고>.

몬스터에 불과했던 드래곤 ""이그니스”에게 어느날 
생각을 할 수 있는 자아가 생기게 되고,
그녀의 동생 ‘타프라스’는 최강의 길드에 의해 레이드를 당한다.

그렇게 흩어진 동생의 6개 아이템과 
그것들을 나눠가진 최상위 랭커 6명.

동생을 부활 시키기 위해 최강의 랭커들을 쓰러트리고 아이템을 모아야 한다!

본격 게임몬스터 복수 모험기 [드래곤에고]!!",카카오페이지
81,지옥에서 돌아온 성좌님,"시치,글쓰는기계",소년,"성좌들이 노리는 땅, 지구.
헌터 최연승은 지구를 독식하려는 성좌들을 막아내고자 특별 수련에 돌입하기로 한다. 

수련 장소는 시간이 무한히 느리게 흐르는 공간 어비스. 
허나 최연승은 갑자기 마력폭풍에 휘말리고,  
급기야 거친 어비스를 정면으로 마주하게 되는데. 

어비스 곳곳에서 전례없이 무한한 실전 수련을 거친 최연승은 
인간 최초로 성좌가 되는 실마리를 발견한다. 

노력형 헌터 최연승은 과연 무사히 성좌로 거듭나, 
성좌들의 먹이가 될 운명인 지구를 구할 수 있을 것인가?

노력형 먼치킨 무공 수련자 최연승.
그가 걷는 인간 최초의 성좌가 되는 길!",카카오페이지
82,미슐랭스타,송,드라마,"재료의 질, 향미의 조합, 요리의 창의성 그리고 접시에 담긴 것과 오직 접시에 담긴 것만으로 매겨지는 '미슐랭 스타(MICHELIN STAR)'. 
'미슐랭 스타'를 꿈꾸는 젊은 쉐프 류태환과 레스토랑 '라 쁘띠 메종'의 젊은 사장이자 미각이 고장 난 박은비가 만나 벌어지는 맛있는 이야기! 
한국 최초의 미슐랭 스타 레스토랑을 만들려는 요리사들의 <미슐랭스타> 이야기 속으로 여러분을 초대합니다!

유튜브에서 'voice of chef' 또는 '셰프의 언어'를 검색하시면 <미슐랭스타>에 나오는 실제 요리들이 만들어지는 과정을 감상하실 수 있습니다. ^^
https://www.youtube.com/channel/UCPVSIdt3D6rk1nBaGKFIpBw/videos",카카오페이지
83,폭군의 유일한 조향사가 되었습니다,"팀 죽조개(COPIN),요정용",로판,"후각을 비롯한 모든 감각을 상실하는 불치병에 걸린 주인공. 그녀는 죽은 뒤 천재 조향사 '아리엘 윈스턴'에 빙의된다.
그러나 '아리엘'은 소설 속에서 남주 '세드릭'에게 집착하다 목숨을 잃는 엑스트라 악녀. 주인공은 목숨을 잃지 않기 위해 남주와의 관계를 끊기로 결심한다.
천재 조향사 '아리엘'로서 살아가게 된 주인공은 이전 생에서 자신의 꿈이 조향사였다는 것을 떠올리고 본격적으로 향수 사업을 시작한다.
그런데, 갑자기 '세드릭'이 '아리엘'에게 관심을 보이는데….

""공작님. 저희 이런 사이 아니었잖아요?""",카카오페이지
84,Oh! 마이 서방님,"어깽,도르맹",로맨스,"*이 작품은 가상의 조선을 배경으로 하는
퓨전사극이며, 작품에 등장하는 인물 및 설정은 허구입니다. 

======================================

한양 최고의 기생인 도화.
하지만 그녀는 기생의 삶을 버리고 
사랑하는 남자와 야반도주하려 한다.

하지만 돌아온 것은 배신!

'당신이 어째서…?' 

이유를 알지 못한 채, 그의 손에 살해당한 도화는
차가운 물속에 빠지고…

눈을 뜨니, 

다른 사람이 되어 있다?!

'마님? 내가 마님이라고?' 

도성을 떠들썩하게 했던 연애담의 주인공, 
‘홍서혜’가 되어 있었던 것! 

'세상에, 세상에. 내가 양반집 마님이라니!!!'

땡 잡았다, 천한 기생년 팔자 벗어버리고 
잘난 남편 사랑받으며 호의호식하자…! 라고 생각한 것도 잠시.

어라? 이 부부, 소문이랑은 다르다?

도성을 흔들어놓으셨던 뜨거운 열애담은 다 어디 가고,
이렇게 찬바람만 부는 거야?! 

좋아, 뭐가 어떻게 된 건지는 모르겠지만…
천하제일의 기생이었던 나, 도화.
남편부터 꼬셔보겠습니다!


<Oh, 마이 서방님>",카카오페이지
85,나 혼자만 레벨업,"현군,장성락(REDICE STUDIO),추공",소년,"10여 년 전, 
다른 차원과 이쪽 세계를 이어 주는 통로 ‘게이트’가 열리고 
평범한 이들 중 각성한 자들이 생겨났다.

게이트 안의 던전에서 마물을 사냥하는 각성자.
그들을 일컬어 ‘헌터’라 부른다.

그러나 모든 헌터가 강한 것은 아니다.

내 이름은 성진우.
E급 헌터다. 

저급 던전에서조차 죽을 고비를 넘겨야 하는
‘인류 최약병기’. 

무엇 하나 내세울 것 없는 형편에
저급 던전으로 근근이 생계를 이어가던 그는,
D급 던전 속에 숨겨진 
최악의 난이도의 이중 던전을 만난다.

그리고 결국… 죽음을 맞이하려던 순간,
그는 기이한 능력을 얻게 된다. 

오직 그에게만 보이는 게임 퀘스트 창!
오직 그만이 알게 된 레벨 업의 비밀!

퀘스트를 따라 수련하고
몬스터를 사냥하면 레벨이 오른다.
오직 그 혼자만! 


최약체 헌터에서 최강 헌터로 각성하다!

추공 작가의 인기 판무 소설 <나 혼자만 레벨업>이
웹툰으로 드디어 등장!

************************************************
[표지 및 로고 디자인] 디자인그룹 헌드레드

************************************************
웹툰 [나 혼자만 레벨업]은 매주 목요일, 주1회 연재됩니다.",카카오페이지
86,"아빠, 나 이 결혼 안 할래요!","유리,Roal,홍희수",로판,"모두에게 미움받는 악녀 '쥬벨리안.’
사랑했던 애인도 단 하나뿐인 가족, 아버지에게도 
버림받고 쓸쓸히 죽어버린 비참한 악역…
쥬벨리안이 바로 나라고?

인생 2회차 
이렇게 된 이상 사랑받는 건 텄다!
아버지의 돈으로 꿀이나 빨겠어!

화려한 공녀라이프를 선언했건만, 
아니, 아버지! 싸이코패스 황태자가 제 결혼 상대라고요?
방법은 단 하나, 계약 연애뿐!
그리고 상대로는 아버지의 제자가 좋겠다고 결론 내린다. 
바로 그 남자가 황태자인 줄 모른 채….


<아빠, 나 이 결혼 안 할래요!>
매주 목요일 연재",카카오페이지
87,악당의 아빠를 꼬셔라,"비아,달슬",로판,"버스사고 후 눈을 뜨니, 즐겨읽던 웹소설 세계에서 눈을 떴다.
그것도 원작 주인공들이 태어나기 전, 부모님 세대에! 

앞으로 연달아 닥칠 불행을 막기 위해,
여주인공을 임신한 언니의 납치부터 막으려고 했는데
대신 납치당해버렸다?!

납치 당한 것도 서러운데, 몸은 마력에 버티질 못해 개복치 신세가 됐다.
그런데... 날 납치한 황제의 곁에만 있으면 몸이 멀쩡해지네!

그래! 악녀와 결혼해, 아들에게서 죽임을 당할 저 남자도 살리고
마력에 취약한 나도 살 방법은...우리 둘이 결혼하는 것 뿐!


""아버님 결혼해주세요""
""공주. 난 결혼도 안했고, 아이도 없는데 아버님이라니...""


스윗한 철벽남 황제를 향한 '청혼 프로젝트'
<악당의 아빠를 꼬셔라>",카카오페이지
88,딸 바보가 되었습니다,"SAYAN,기우",드라마,"25살 백수 무능력자 이주원.
어느 날, 아빠가 되었다.

""아빠아..?""

그런데... 딸이 너무 귀엽다.

[채널 연두튜브 운영] [키즈튜브] [힐링] [육아] [성장]",카카오페이지
89,24분의 1 로맨스,김명미,로맨스,"[24분의 1 로맨스] 매주 목요일, 주 1회 연재합니다.

**************************************

JK전자 초고속 승진의 신화, 이 시대 최고의 커리어우먼, 그러나 ‘모쏠녀’ 차주안! 
착하고 바른 마음씨, 맑은 기(?!), 모델 뺨치는 피지컬과 외모, 그러나 ‘실수투성이’의 유도진! 
너무도 다른 스타일의 두 남녀가
어느 날 #그것도 갑작스레 #뜬금없이 #회의시간에
영혼이 바뀌어버렸다?!!!
뒤바뀐 영혼으로 엉망진창이 돼버리는 두 사람의 삶!!
그러나 이 모든 것에는 다 이유가 있다는데?
게다가 그 이유가 바로 억지 ‘연분’ 맺기…?!!

하루에 딱 1시간 바디 체인지 시크릿 프로젝트, [24분의 1 로맨스]!! 
그 어느 때보다도 유쾌상큼발랄섹시한 로맨틱 코미디를 즐겨주세요~ 

#김명미작가신작 #강제역지사지 #바디체인지 #바디로맨스",카카오페이지
90,괴물 공작가의 계약 공녀,"민작,리아란",로판,"매주 목요일 연재

**************************************************************************************************

철저히 언니만을 위해 이용당하는 삶을 살던, 스페라도 가문의 차녀 레슬리. 
사랑받기 위해 모든 걸 참아 왔지만, 결국 언니의 힘을 증폭시키기 위한 제물로 바쳐지게 된다. 
불구덩이 속에서 알 수 없는 존재들의 도움으로 목숨을 부지한 레슬리는 어둠술사로서 각성하게 되고,
가문의 비밀을 알게 된 그녀는 양녀로 삼을 어린아이를 찾는다는 괴물 공작가의 문을 두드리기로 결심한다.
그렇게 괴물 공작가의 셀바토르 공작을 마주하게 되는데...

""저를 입양해주세요!""
""제국, 아니 대륙 최고의 어둠술사를 얻으실 수 있을 거예요!"" 

여리지만 당차게 자신의 삶을 개척하기 시작하는 레슬리. 
과연 그녀의 운명은?!

웹툰 민작 / 원작 리아란 / 기획 로크미디어

**************************************************************************************************",카카오페이지
91,악녀가 사랑할 때,"붉구,HJ,콩쭈,대치동건물주,서귀조",로판,"시한부 인생을 사는 악녀에게 빙의했다. 

괜찮다. 병은 고칠 수 있으니까!
목표는 하고 싶은 걸 마음껏 하는 인생!

나는 먼저 좋아하던 소설 속 등장인물들 덕질을 하기로 했다.
그런데 나를 악녀라고 하던 주변 사람들 반응이 이상하다.

“당신은 곧 죽는데도… 어떻게 그렇게 웃으실 수 있는 겁니까.”

그야 네가 잘생겨서..?",카카오페이지
92,마탄의 사수,"샤이멜,글피,이수백",소년,"""하 중사, 이 미친놈아. 또 만발인 거 알아?""

이제 말뚝 박을 일만 남은 명사수 부사관 하이하.
그러나 불의의 사고로 하반신을 못 쓰게 되어 사회로 내쳐졌다.
절망에 빠져있던 그에게 혁명적인 VR 게임 [미들 어스]가 새로운 삶을 선사한다.
가상현실 게임인 [미들 어스]에서 획득한 돈은 현실의 돈이 된다!

하지만 캐릭터 생성 때 가장 성능이 낮은 캐릭터를 고르게 되는 바람에 망하게 생겼다!

""난 다르다. 이것이 내 마지막이야!""

흑색화약, 쇠구슬, 꼬질대. 진짜 '머스킷티어'가 무엇인지 보여주마!",카카오페이지
93,아내가 돌아왔다,"신선,정다금,이보나",로맨스,"“이혼해요, 우리.”

사랑 없는 정략결혼.
결혼은 비즈니스일 뿐이라 생각했던 남자, 최무원.
그런 그에게 이혼을 말한 여자, 이유래.
3년이 지난, 어느 날 예상치 못한 장소에서
낯선 관계로 재회하는데…….

“우리 연애할래요?”

아내가 돌아왔다.
그런데 이 여자, 그가 알던 예전의 ‘그 여자’ 맞아?
멈추었던 심장이 뛰기 시작한다.
하필이면 돌아온 아내에게, <아내가 돌아왔다>.",카카오페이지
94,침묵의 정원,"염라,얌",로판,"나는 생전에 누군가의 아내이자 어머니로서 헌신하며 살았다.
사랑하지는 않았지만 존경했던 남편. 
나와는 피 한 방울 섞이지 않았으나 사랑해마지않던 딸.
두 사람은 내 세계를 이루는 전부였다.
분명 그랬었는데.
“난 그저 내 딸과 가정을 돌볼 여자가 필요했어.”
“연고 없는 너는 내게 장난감일 뿐이야.”
두 사람이 죽고 나서야 나는 비로소 내 세계가 뒤틀렸다는 걸 알았다.
평생 남을 위해 살다가 두 번째로 주어진 삶.
이번 생은 나를 위해 쓰기로 했다.
그러니 이제는 너희 차례야.",카카오페이지
95,그냥 악역으로 살겠습니다,"대전환,베베,김다함",로판,"책 속 악역, 공작 영애에 빙의했다!
감히 여주인공을 죽이려한 살인미수범이 이 몸의 주인이라고?

기왕 이렇게 된 거 조용한 곳에서 놀고먹으며 막 살자! 고 생각한 것도 잠시.
벌로 쫓겨난 북방의 이곳은 너무너무너무 추웠다.
얼어 죽기 전에 불꽃의 대악마를 불러내 벽난로에 불을 지폈는데…

…쟤 왜 안 돌아가? 할 일 다 했으면 가야 하는 거 아냐?!
불 피우려다 악마와 종신계약 한 것도 당황스러운데 욕구 해소(?)까지 책임지라니!

대형 멍멍이 악마님과 부스러기 악역 영애님의
티격태격 로맨스 <그냥 악역으로 살겠습니다> ",카카오페이지
96,어게인 마이 라이프,"도경,선용민,이해날",드라마,"열혈 검사의 인생 리셋, 절대 악을 심판하라!

대한민국의 열혈 검사 김희우. 법 위에 서서 대한민국을 주무르는 절대 권력자 조태섭의 비리를 조사하던 중 그의 일당에게 살해 당하여 바다에 버려진다. 
하지만 김희우는 저승길에서 만난 저승사자에게 다시 한번 생의 기회를 얻게 되고, 전생의 기억을 간직한 채 찌질이였던 18살로 되돌아간다.
고딩으로 다시 돌아온 희우는 자신이 전생에서 알게 된 미래의 사건들을 활용해 악마 조태섭을 심판하기 위한 준비를 시작하는데…!

‘악마를 잡기 위해서는 그보다 더한 괴물이 되어야 한다.’",카카오페이지
97,황제의 외동딸,"리노,윤슬",로판,"아리아드나 레르그 일레스트리 프레 아그리젠트.

겁나 긴 이름으로 시작한 새로운 내 인생
그러나 대체 이건 무엇이란 말인가.

나름 귀한 신분으로 태어났음에도 
태어날 때부터 온갖 동정 어린 시선은 다 받고 태어났으니
그 이유는 단 하나
바로 내 아버지라는 작자 때문이었다.

아버지가 미친놈이시라면서요?

반역으로 피로 얼룩진 옥좌에 올라선 반왕,
대륙을 공포로 몰아넣은 희대의 폭군.
……나 과연 살아남을 수는 있을까?

이 황제는 아주 위험한 생물입니다.
하지만 지금은 내 아빠죠. 아, 나!

**********************************************

소설에서 풀지 못했던 못 다한 이야기가
지금 여기에서 펼쳐집니다!


[로고 및 표지 디자인] 디자인그룹 헌드레드

************************************************

웹툰 [황제의 외동딸]은 매주 목요일, 주 1회 연재됩니다.",카카오페이지
98,업데이터,89line,소년,"대장장이 NPC '에이든＇.
어느 날, 시스템 관리자로 인해 마을 전체가 삭제당하고,
유일한 가족인 여동생 ‘앨리스’와 함께 소멸하던 그는
그 찰나의 순간, 다짐했다.

반드시 내 손으로 이 시스템을 무너뜨리겠노라고.
그때였다…!

“관리자 권한을 획득했습니다. 관리자 Lv. 1”

관리자의 권한을 가지고 다시 깨어난 에이든.
관리자로서의 힘을 기르기 시작하는데...!!

에이든은 과연 어떤 존재가 될 것인가?!

2020년 “콘티왕으로 살아남기” 대상 수상작 <업데이터>",카카오페이지
99,유리온실의 공작 부인,"공기알,탁리",로판,"""당신 인생을 살아.
 맥없이 휘둘리며 남에게 내어주지 말고.""

에드하르가 내게 해준 말은 참으로 제멋대로였으나 묘하게 나를 울려대었다.
하지만 그와의 결혼 생활은 불행에 가까웠고,
소중한 아이마저 빼앗긴 채 나는 초라한 별채에서 쓸쓸히 죽음을 맞이했다.

모든 것을 포기했을 때 감사하게도 다시 주어진 두 번째 삶.
나는 나에게 주어진 기회를 제 것으로 만들겠노라 다짐했다.

""눈을 감으면 과거의 일들이 선연하지만, 이젠 도망치지 않고 직시하겠어.
 나와 내 아이를 지키기 위해!""",카카오페이지
100,나를 잡아먹지 말아줘,"백지연,철갑상어,사하",로판,"“가격은 50억 마르카, 싸게 드리는 거예요.”
“과연, 헐값이군.”

남자 주인공에게 산 채로 잡아먹힐 운명을 타고난 ‘에르타’.
운명을 바꾸기 위해 그와의 결혼을 거래하다!

소설 속에서 환생했다. 그것도 19금 남성향 판타지 소설 속으로.
내가 환생한 ‘에르타’는,
원래 이야기대로라면 주인공 ‘자히드’에게 산 채로 잡아먹힌다.
하지만, 어린 동생들을 두고 그렇게 죽을 수는 없지.
날 잡아먹을 주인공에게 거래를 제안했다.
거래 대상은 나, 금액은 50억 마르카!
이제 내가 할 일은 주인공이 날 잡아먹기 전에 도망치는 것뿐이다.

나, 에르타는 과연
왕국 최고의 마법사 자히드의 손에서 벗어날 수 있을까?",카카오페이지
101,한 줄짜리 영애였을 터,"crike,빽,라티네",로판,"[독점연재]

한 성깔하는 예비 대학생 김한솔은 불의의 사고로 운명을 다하고 
마법과 정령, 드래곤이 있는 세상에서 영웅 가문의 사랑스런 영애로 환생한다.

‘꼭 원래 살던 곳으로 돌아갈 거야!’

하지만 김한솔은 원래 살았던 대한민국으로 돌아가려고 발버둥 치다가 결국, 마력이 폭주하여 대참사를 일으킨다.
그럼에도 그녀를 사랑해주는 가족애에 감동한 김한솔은 현실을 인정하고 이 세계에서 건국 신화의 다섯 영웅 중 하나인 마카이라 후작 가문 영애 피네아로 살아가기로 결심한다.

‘전생에서 해보지 못한 것들을 해볼 거야!’ 

그렇게 피네아는 새로운 세계에서 무한 사랑을 받으며 유쾌한 나날을 보내던 어느 날, 황궁에 초대되어 강적을 만나게 된다.

“이 무례한 것들! 감히, 인사도 안 해? 들은 대로 못 배웠구나!”

뭐어? 저 싸가지없는 꼬맹이가 이 나라 황자 전하라고?!",카카오페이지
102,블랙윈터,정이나,로판,"조선 후기, 백송골이라는 시골 마을에 사는 13세 소녀 설해사.
친척과의 갈등으로 오래된 폐가를 우연히 들어가게 되고
그곳에서 수상한 한 남자, 유안을 만나게 된다.
그는 산 사람보다는 죽은 사람에 더 가까운 존재였다.

소중한 사람들을 잃고 외로운 유년 시절을 보내기를 10년,
잃어버린 줄 알았던 친구들이 돌아왔고 수상한 그 남자의 비밀을 알게 되었다. 
그리고 모든 기억이 돌아왔을 때, 우리는 또다시 죄를 지어야만 했다.

해사와 유안은 이제 죄로 뒤덮인 차갑고 어두운 겨울을 벗어나,
따뜻하고 새하얀 겨울을 맞기를 소원한다.",카카오페이지
103,황비님? 황비님!,"성은태,노아,끼밍",로판,"프리티나 왕국 백작가의 영애로 미모, 지성 모두 갖추고 있는 레아나에게 남 모를 비밀이 있었으니, 그것은 바로 전생을 기억한다는 것! 지금 레아나가 살고 있는 세상은 전생에서 읽던 책 속 이야기로 흘러 갔다. 책의 내용 대로 레아나는 황실에 결혼 제안을 받게 된다. 
레아나는 잠시 고민에 빠진다. 전생에서 본 레아나의 미래는 황제의 사랑을 받지 못하고 감옥에서 쓸쓸히 죽어갔으니까. 
하지만, 고민도 잠시. 레아나는 이름 뿐인 황비가 되어 편하고 안락한 ""백수 생활"" 을 위해 결혼을 승낙하게 된다.

내 목표는 황제의 사랑이 아니라, 안정적인 백수 생활이야...!",카카오페이지
104,이것이 법이다,"스튜디오 이너스,이계원,자카예프",드라마,"천재 변호사 노형진의 정의구현 회귀 판타지!

대학교 수석에 사법고시 수석, 95% 달하는 승률까지
속칭 잘나가는(?) 변호사였던 노형진!
그는 정의로운 대한민국을 만들기 위해 커다란 권력에
맞서 싸우던 중 국정원 요원에 의해 무참히 살해당하고 만다.

""죽어서는 안 될 놈인데…""
노형진은 사실 옥황상제가 지상의 타락을
바로잡기 위해 보냈던 인물이었다!
그런 그가 허무하게 저승으로 돌아오자 옥황상제는
다시 한번 노형진을 지상으로 내려보내게 되는데…
＂자기 목숨 줄을 지킬 정도의 힘은 줘야지.""
옥황상제가 말한 그 '힘'의 정체는 과연?

과연 노형진은 자신의 미래와 대한민국의 미래까지
모두 바꿀 수 있을 것인가?!",카카오페이지
105,시히트왕국정복기,"이태산,수성",로판,"""아시르하트의 공주가 되어주지 않을래요?""

패전국 출신의 소녀가장 미아 시히트는 리벨 공주의 제안으로 전쟁강국 아시르하트의 공주 대리가 된다.
공주 대리를 맡기곤 홀연 떠나버린 리벨 공주,
그리고 미아를 도우면서도 계속 그를 의심하는 왕실명예기사단까지!
궁 안에서의 생활은 미아가 쉽게 이해할 수 없는 일들 투성이다.

대륙에 퍼져나가는 '재앙'은 마침내 아시르하트까지 들이닥치고, 
미아는 궁 안에서 거대한 비밀을 마주하게 되는데...

""그렇다면, 내 운명은 무엇일까.""

멸망해가는 세계 속에서 주어진 운명에 맞서는 공주대리, 미아 시히트의 성장기!",카카오페이지
106,생사결: 여래의 복수,"윤선영,A4스튜디오,(주)툰플러스,스튜디오M,솔라",액션무협,"글: 윤선영 각색:스튜디오M 만화:A4스튜디오 

<시즌 2>

소림사 당대 전승자, 성창.
장경각의 모든 비급을 외울 정도로 천재적 두뇌를 가졌지만
유약한 신체 탓에 비급을 사용할 순 없다.

소림사 비전을 후대에 전승하기 위한 업을 이루기 위해,
천마신교의 습격을 당한 소림사를 애써 등지고 탈출하려 하지만
결국 위기에 처하고 마는데….

그 때 들린 미지의 목소리.

죽은줄로만 알았던 그는
삼백년 전, 역천대법의 제물로 사용되 지하에 잠들어 있던 소년
양련진가의 몸에서 다시금 눈을 뜨게 된다!

정의롭지만 고리타분한 학승 성창,
끝없는 탐욕에 물든 타락한 요승 양련진가
불가사의한 존재에 의해 결속된 두 사람의 불편한 동거 관계가 시작된다.


<시즌 1>

무공과 일절 관계없을 것 같이 생긴 유약한 서생 소화산.
빼어난 인품에 장원에 두 번이나 급제했던 수재이며, 지방 왕 및 
관리들과의 돈독한 인맥으로 존경받는 서생이다.
그러나 그의 정체는 다름 아닌 화산의 숨겨졌던 비공, 응사생사박의 유일한 계승자.

평소에는 늘 방안에 틀어박혀 서책을 읽거나 몸을 쓴다는 것도 기껏 마당을 청소하거나 가벼운 체조만 할 뿐이다.
두 번 다시 무공을 펼칠 일이 없어 보였던 그가 다시금 강호로 나선 건 어느 날 밤.

화산 본파가 있는 산등성이가 불타고, 문파는 괴멸되었으며, 어린 제자들만이 몸을 의탁하러 온다. 
그리고 어린 제자들마저 몰살하기 위해 나타난 가공의 무림고수들.
이에 소화산은 무공을 발휘해 그들을 전멸시키고 화산의 제자들을 지켜낸다.

누가 이런 일을 계획했는지, 목적이 무엇인지 알아내기 위해 분연히 정체를 드러내고 강호로 뛰어든 소화산.
대를 이어 계승된 비인부전의 절기가 깨어나고, 수많은 무림고수들과 막강한 세력을 자랑하던 적들이 
그의 앞에서 모조리 찢겨지고 쓰러지면서 강호 전체가 요동치게 되는데.....",카카오페이지
107,묵향 디 오리진,"REDZIN,Silva(REDICE STUDIO),전동조",액션무협,"무협계 한 획을 그은 전동조 장편 소설 [묵향]! 
암살자에서 무림 정점에 오르는 묵향의 이야기가 
초대형 웹툰 프로젝트, [묵향 디 오리진]으로 돌아온다!

 수많은 세력이 패권을 다투던 드넓은 중원의 무림. 어릴 적 마교에 납치되어 암살자로 훈련받은 2044호. 고된 훈련 속에서 목숨의 위협을 넘어 치열하게 살아남은 그는 실력을 인정받아 ‘묵향’이란 이름을 얻는다.
 그러나 묵향에게는 언제나 채워지지 않는 갈증이 있었으니, 그것은 바로 검의 길! 암살자로 사는 삶에 만족하지 못하던 그때, 묵향은 스승 ‘환사검 유백’을 만나 인생의 큰 변화를 맞이하는데! 그는 자신이 좇던 탈마의 경지에 올라 무공의 정점에 오를 수 있을까?!

수많은 고수와 격돌하며 궁극의 무를 좇는 묵향!
전설적인 일대기의 서막이 다시 열린다!!

묵향 디 오리진 ⓒ 레드아이스 스튜디오(주), 전동조 / 학산문화사

* 이용안내
<묵향 디 오리진>은 전동조 작가님의 소설 <묵향>의 1부의 이야기입니다.
이어지는 <묵향> 2부의 스토리는 <묵향 다크레이디>를 검색하여 이용 부탁드립니다.",카카오페이지
108,고개를 들어 달을 보라,단거땡,로맨스,"""당신은 달의 아이. 저와 함께 달궁으로 가셔야 합니다.""

귀신을 볼 수 있는 능력을 지닌 여고생 보라.
어느 날 갑자기 달토끼가 찾아와 폭탄선언을 한다.
쓸데없는 능력 탓에 아직 연애도 제대로 못해봤는데, 달에 간다고?

안 돼! 못 가! 난 모솔 탈출할 거야~~~~~~!!

과연 보라는 무사히 연애를 시작할 수 있을까?",카카오페이지
109,두 번 사는 랭커,"농농,사도연",소년,"5년 전 사라진 쌍둥이 동생을 잊고 살던 연우.
어느날 그에게 동생의 유품인 회중시계가 돌아왔다.

그리고 그 속에 숨겨진 일기장.

'형이 이 일기를 들을 때 즈음이라면 나는 이미 이 세상 사람이 아니겠지.'

여러 차원과 우주가 교차하는 세계에 놓인 태양의 신 탑, 오벨리스크.
그리고 그곳에 오르다 배신당해 눈을 감아야 했던 동생.

모든 걸 알게 된 연우는 동생이 남겨 둔 일기와 함께 탑을 오르기 시작한다.

'오늘부터 난. 차정우이다.'",카카오페이지
110,화홍,"웹툰 서윤영,원작 소설 이지환",로맨스,"<1부>
단국의 고고하고 잘난 ‘욱제’ 전하, 어리고 못난 ‘소혜’ 아씨를 중전으로 맞이하였도다. 
허나 욱제 전하, 잉첩인 ‘희란’만 어여삐 여기고, 
조강지처 소혜 아씨, 소박만 주는구나. 
외롭고 힘든 궁궐 생활 홀로 버텨내던 중전마마, 
이제 회임할 수 있는 진짜 여인이 되었으니! 
어느 순간 욱제 전하의 눈길이 중전마마에게로 향하는 것인데ㅡ
두 지존마마, 과연 귀한 사랑의 결실을 이룰 수 있을 것인가? 

로맨스 장편 소설의 대가 이지환 작가의 원작 [화홍]이 
본격 궁중 로맨스 만화로 재탄생!!! 

------------------------------------------------------------------------------------------

<2부>
욱제 전하와 소혜 마마 슬하 
네 분의 왕자님과 두 분의 공주를 두셨으니, 
이는 단국의 큰 복이라~ 
장성하시어 세자빈을 맞이할 보령되신 단국의 세자저하, 
예전부터 맘에 품었던 처자 ‘연희’ 아씨 계셨으나 
연희 아씨 성정 보통 아니라. 
세자빈 되겠노라 저하와 약조해두곤 도망치기 일쑤로구나. 
겨우겨우 세자빈 간택은 되었으나 
간택된 날조차도 궐 담 넘겠다 아둥바둥하던 연희 아씨, 
미리 아씨를 기다리고 있던 세자저하에게 보쌈당해버리니! 
그 밤에 세자저하와 연희 아씨 과연 무슨 일이 있었으려나~?!

더욱 화려하고 더욱 색(色)스러워진 <화홍> 2부! 
각양각색 스타일의 구중궁궐 연애담을 지금 만나보세요~",카카오페이지
111,순백의 엘리사벳,"용두식,우푸,남유현",로판,"여주인공이 되었다.
그것도 특별한 힘을 지닌 강하고 아름다운 여주인공 '엘리사벳 릴리'.

하지만 꽃길까지 가는 길이 너무나 험난하다.
노예로 부려지다 세뇌당하고 학대당하고…….
그런데 원작에 나온 여주인공의 고난은 아직도 한참 남았다.

이러다 남자주인공을 만나기도 전에 죽겠어!

결국 그녀는 결심했다.
조연인 성격 나쁘고 위험한 마법사 '아쉐로트'의 손에 구해져서 원작을 바꾸기로!

그런데,

""좋아, 내가 키우지.""
""진심이야? 아쉐로트 네가 아이를 키운다는 게 뭔지는 알아?""
""식생활 전부를 책임지고, 교육시키고, 안전하게 보호하고, 결혼하겠다 하면 남편을 철저히 검증해 없애 버리고…….""

아니야! 그거 아니야!

지금 엘리사벳 릴리는 나쁜 마법사를 길들이는 중♬

#로맨스판타지 #빙의 #성격파탄남주 #육아 #마법사 #능력녀",카카오페이지
112,비뢰도,"오주,Awin,검류혼",액션무협,"홀로 길러주신 아버지를 돌림병으로 잃고 10세의 어린 나이에 혈혈단신이 된 비류연.
조각가였던 아버지에게 배운 기술로 부모님의 조각상을 만들어 두 분의 묘 앞에 세워두는데,
지나가던 노인이 그걸 보더니 자신을 사부로 삼으면 천하제일 무공을 가르쳐주겠다고 한다.

수상쩍지만 달리 갈 곳도 없고, 그럴듯해 보이는 무공에 혹해 비류연은 그를 따라가고 마는데…

그날 이후 비류연을 길러준 것은 팔할이 바람이었다.

오늘 하루는 좀 편안했으면 좋겠다는 바람!
사부가 더 늙으면 울 때까지 구박해주겠다는 바람!
아니 다 필요 없고 여기서 탈출하고 싶다는 바람!
하늘이여 저한테 왜 이러세요 제발 살려주세요… 하는 바람!

하늘이 비류연의 바람을 들어준 것일까.
무식한 가사노동과 피골상접 과로사를 야기할 것 같던 돈벌이로 점철된 삶 속에서
깨알같이 사부 몰래 힘을 비축하던 비류연은 드디어 어느 날 깨닫는다.

‘오늘이 바로 그날이다!’

사부를 따돌릴 꿀떡(?)을 던져놓고는 무한한 용기를 발휘해 묵금과 비뢰도까지 다 들고 튄 비류연.

혹자는 강호를 두고 시산혈해 위에 암투로 쌓아올린 백척간두의 세계라고 하나,
비류연에겐 드넓은 꿀 천지에 온실 속의 화초들이 노니는 안락한 신세계로만 보였는데…!

비류연의 행복은 과연 언제까지 갈 것인가!

----------------------------------------------------
웹툰 <비뢰도>는 매주 금요일, 주1회 연재됩니다.",카카오페이지
113,"왜 이러세요, 공작님!","에디,반달반지",로판,"“나의 종달새, 내 영혼의 주군—
그런 슬픈 표정 하지 마.
종달새가 우울해하면 내 세상에는 온통 비가 내리는 것 같아.”

일명 사신(死神)으로 불리는 냉혈한, ‘로안 페르카 공작’.
한 달 전 손수 내 목을 치려던 그가 나의 남편이 되었다?!
그것도 공처가, 애처가를 넘어 나 ‘에르인’의 신봉자가 되어서!!!

진짜 사랑이면 좋겠지만 이 모든 것은 정체불명 마법의 힘ㅠㅠ
심지어 그 마법이 점점 풀리고 있어-!!

이중인격(?) 두 남편(?)과의 명줄을 건 결혼생활, <왜 이러세요, 공작님!>",카카오페이지
114,그 오빠들을 조심해!,"민이영,플루토스",로판,"7살에 어머니를 여의고 에른스트 공작가에 입양된 하리.
에른스트의 삼 형제에게 갖은 핍박을 받아왔지만
 시집을 가게 되면서 드디어 피눈물 나던 생활을 끝내게 되었다.

그런데 웬걸?
자다 일어났더니 지옥 같던 어린 시절로 돌아온 게 아닌가! 꿈인가?!

흥, 당장 깰 꿈이 아니라면
이제는 나도 눈치 안보고 맘대로 살거야!

하리는 그렇게 삐뚤어지기로 결심했다.",카카오페이지
115,악역의 엔딩은 죽음뿐,"수월,권겨을",로판,"역하렘 공략 게임의 악역, 
에카르트 공작가의 하나뿐인 공녀이자 입양아
페넬로페로 빙의했다. 

그런데 하필 난이도는 극악! 
뭘 해도 엔딩은 죽음뿐! 

‘진짜 공녀’가 나타나기 전에
여주의 어장 중 한 명을 공략해서 살아남아야 한다.

사사건건 시비를 거는 오빠 1, 2.
모든 루트가 죽음으로 이어지는 미친 황태자.
여주바라기 마법사와 충직한 노예 기사까지!

‘일단 가망성 없는 놈들은 바로 버리자.’

“그동안 제 주제를 잘 몰랐어요.
앞으로는 쭉, 신경 쓰실 일 없이,
쥐죽은 듯 살겠습니다.”

근데 왜 자꾸 선을 그을수록 호감도가 오르는 거야?!
악역 페넬로페의 미친 역하렘 공략 게임 생존기!

==============================

[표지 및 타이틀 로고 디자인] 디자인그룹 헌드레드",카카오페이지
116,이차원 용병,"발로,금호",소년,"취직하고 싶습니까?
영혼을 팔아서라도 취직하고 싶으십니까?
그렇다면 잘 오셨습니다.
취업 정보 사이트 영팔이는 영혼을 팔아서라도
일자리를 구하고 싶은 이, 바로 당신을 위한 곳입니다.

천사인가, 악마인가.
서른 살 백수 강철호는 정체 모를 그들과 계약을 했다.
영혼을 팔아서라도 돈, 그놈의 돈을 벌기 위해!

다른 차원의 계약자들에게 빙의하여,
그들이 가장 절망하던 순간의 삶을 바꾸는 것!
그것이 강철호에게 주어진 사명, 미션(Mission)이다!

************************************************

소설에서 다 풀지 못했던 이야기가
지금 여기에서 펼쳐집니다!



[시즌1] 만화 김재환 
[시즌2, 3] 만화 발로 
[로고 및 표지 디자인] 디자인그룹 헌드레드

************************************************

웹툰 [이차원 용병]은 매주 금요일, 주1회 연재됩니다.",카카오페이지
117,전령새 왕녀님,"삼월에,동전,한류이",로판,"전쟁으로 패망 직전에 몰린 로이몬드의 여덟 번째 왕녀 제르.
적군에게 납치됐다 깨어나 보니… 새가 됐다?!

다행인지 불행인지 그것도 총사령관 ‘발하일’의 전령새가!
비록 새의 몸이지만 나라를 위해 고군분투하는 그녀.

하지만 진짜 새 취급도 정도껏 하라고!!
“궤에에엑!""",카카오페이지
118,폭군의 비서관이 되었습니다,"제이,기오,이인혜",로판,"비서관으로 살다 퇴사 날 밤에 본 소설의 엑스트라, ‘로잘린 베리트’에 빙의했다. 
이왕 자작가 딸로 빙의한 거 죽을 때까지 적당히 호의호식 좀 누리다가 가려고 했는데
눈치 없는 오빠가 폭군의 비서관이 된다고?

죽기 싫어서 한 폭군의 비서관, 근데 역시 경력직 신입은 일처리가 다르지.
5년 하고 나니 나 없어도 잘 돌아갈 것 같다. 
그만두고 인생 한 번 즐겨볼까?

“그만 두겠습니다.”

“죽고 싶어?”

폐하, 가는 사람 안 잡고 오는 사람 안 막으면서
나한테는 왜 그래요?",카카오페이지
119,뮈엘라의 수사관,"솔,키아르네",로판,"마법사와 마녀를 배척하는 나라. 뮈엘라. 
뮈엘라의 시골 영지 알라나데일의 저택에서 하녀로 일하는 케이트.

어느 날, 그녀가 일하는 데일 남작가에 수상한 하인이 들어온다.

하인에 어울리지 않는 훤칠한 키에 단정한 외모를 가진 그는 첫날부터 주목을 받지만,
케이트는 사사건건 자신과 부딪치는 이안이 마음에 들지 않는다.

한편 그녀가 몸담은 데일 남작가에 불길한 사건들이 하나둘 일어나기 시작하는데…….",카카오페이지
120,아기 황후님,"유소이,마량",로판,"세계를 구할 예언의 아기.
내가 사람들을 구하려면 결혼해야 된다고?

“…저 할게요, 그 결혼!”

남편감인 소년 황제는 어리고 청순했다.
그런데-

“내 딸은 황후로도 못 줘.”

아빠가 내 결혼을 방해한다!

“내 여동생은 내 장난감인데?”

게다가 오빠까지.
나, 세계를 구할 수 있을까.",카카오페이지
121,레이디 비스트,"나우,유수완",로판,"그란디아 왕궁에서 배척당해 불행하게 산 공주, 엘리사.
전장의 폭군이라 불리는 타국의 공작과 계약 결혼하다!

오직 살아남는 것이 목표였기에 남편에게 어떠한 기대도 없었으나…….

“이건 뭐지. 다리 사이에서 피가 흐르는데.”
“어, 어떡해요. 아침에 일어나니까 당신 그곳이……!”

어찌 된 일인지 두 사람의 몸이 바뀌었다!

“안심하세요. 절대로 당신의 마음을 바라지 않겠어요.”
“…….”

‘왜 남편의 기분이 안 좋아 보이지?’

천덕꾸러기로 자라 사랑에 소극적인 그란디아의 공주, 엘리사.
참는 것보다 죽이는 것이 익숙한 란델의 미친개, 진저.

너무나도 다른 두 사람은, 서로를 이해하고 사랑하게 될 수 있을까?


*********************


유수완 작가님의 인기 로맨스판타지 소설 <레이디 비스트>를 웹툰으로 만나보세요!

*********************",카카오페이지
122,일상다정사,김세영,BL/GL,"[매주 금요일 업데이트]

지는 걸 죽도록 싫어하는 두 사람이 연애로 묶였다?!
 
""내 형 말고 나랑 사귀자.""
 그냥 친해지고 싶었던 것뿐인데 느닷없이 형 대신 자기와 사귀자고 덤비기에 
오냐, 너 고생 좀 해봐라 하는 맘으로 승낙했다.
그러나 '일단' 사귀게 되고 나니 예상치도 못한 감정이 생기기 시작하는데….
 한 치도 물러서지 않는 남 고딩 둘의 팽팽하고 달달한 연애 배틀.",카카오페이지
123,악역에게 청혼받았습니다,"빡킬(COPIN),사동,십삼월의새벽",로판,"악역의 살인 현장을 목격해 버렸다. 심지어 들켰다.
내 인생 종 치는 소리가 여기까지 들리는 것 같다.
그러나 그가 내게 건넨 것은…

""나와 결혼해 줘요.""

반지였다. 그것도 알이 몹시 큰. 이게 무슨 일이야?! 

""영애도 죽는 것보단 이게 나을 텐데요, 결혼합시다, 우리.""

소설 속 악역 최종보스 남주와의 서늘한 결혼생활이 시작됩니다!

[타이틀 로고 디자인: 디자인그룹 헌드레드]",카카오페이지
124,황녀님이 사악하셔,"포알카,화솜,차소희",로판,"나는 삼백 살이 넘는 마녀이지만, 믿었던 인간에게 배신당해 죽었다.
꼼짝없이 영혼계에 붙잡혀 있을 줄 알았는데 
서로가 서로를 죽이는 황실에 황녀로 환생했다.

이렇게 된 이상 내가 황제가 돼야겠다. 
“너. 내 부하가 대라.”

이렇게 했으니까 모두 나를 두려워하겠지, 생각했는데.

“한 번만 만져주면 안 돼? 네가 머리를 쓰다듬어줬다고 하면 모두가 부러워할 거야.”
…뭐야. 왜 이래. 

“더 해 줘. 귀여우니까.”

하지만 단체로 미쳤나, 싶을 정도로 내게 맹목적인 애정을 보이고 있다.

…나 황제 될 수 있겠지?",카카오페이지
125,위대한 소원,"나래,하늘가리기",로판,"제국의 유일한 황녀 시에나 아르젠트
그녀는 태어나면서부터 모든 것을 가졌다.
영민한 두뇌, 극상의 미모, 우월한 재능.
장차 황제의 관을 쓸 후계자의 지위까지.

스무 살의 생일을 앞둔 어느 날.
그녀는 꿈을 꾸기 시작하며 수십 년 후 자신의 미래를 보게 되는데.
그녀는 신의 축복으로 예지 능력을 갖게 되었다고 기뻐하며 신께 감사한다.

하지만 꿈에서 보는 자신의 미래는 갈수록 이상하다.
시에나가 막연히 그렸던 미래는 이런 것이 아니었다.

반쪽 핏줄이라고 경멸했던 이복 오라버니의 반격.
자신의 절대적 아군으로 믿었던 어머니의 숨겨진 모습.
그리고 현실과 미래, 양쪽에서 시에나에게 막강한 영향을 미치는 남자의 등장.

그녀 주변의 모든 것이 급격히 달라지기 시작하고 그녀 또한 변화한다.",카카오페이지
126,얼어붙은 플레이어의 귀환,"실실,제리엠",소년,"세상이 바뀌고 5년.
최종보스가 나타났다.

[지구 에어리어의 최후의 보스, 서리여왕이 출현합니다.]

최후의 보스!
그녀만 처치하면 예전처럼 살 수 있다!

인류 최고의 플레이어, 어둑서니를 포함한 다섯 명의 플레이어가 마침내 서리여왕을 쓰러뜨리지만...
그들은 기나긴 잠에 빠지는 혹독한 대가를 치뤄야했다.
그로부터 25년 후.

""2층이라니? 서리여왕을 죽이면 끝나는 거 아니었어?""

얼어붙은 동료들을 구하기 위해,

그리고 세상을 구하기 위해.

전설이 된 어둑서니의 이름을 버리고
이제는 신입 플레이어 서준호로 돌아왔다.",카카오페이지
127,패스파인더,"윤지선(COPIN),홍핏,여왕",드라마,"소원을 이뤄 주는 화폐‘패스’를 찾아다니는 패스파인더. 
평범한 취준생이었던 가람은 이세계에서‘패스파인더’가 되어 버린다. 
패스파인더가 된 순간 가람의 원래 세계는 가족을 포함해 살아있는 모든 것이 사라진 유령도시가 되었고 가람은 가족을 되찾기 위해 패스를 찾는 여정을 떠난다.",카카오페이지
128,"의원, 다시 살다","도빈,태선",액션무협,"[독점연재]

해외 의료 봉사를 갔다가 내전에 휘말렸다.
환자 대신 반군의 총을 맞고 간신히 눈을 떴는데
아니, 어린아이가 됐잖아?!?

눈앞에 있는 건 부서진 마차와 특이한 복식의 쓰러진 사람들!

""꼭 무림 세계 같네.""

한 명이라도 살리기 위해 응급처치를 하던 중,
이곳이 즐겨 읽던 무협 소설,
[지존천마] 속 세상이라는 것을 알게 되고.

'천하삼대의원' 백린의선을 비롯한 구조대를 만나
내가 구한 이들 중 하나가 이 소설의 주인공,
미래의 천마 '여하륜'이라는 것을 깨닫게 되었다!

""야, 살려 준 은혜가 있으니 형이라 불러라.""

목숨을 구해 준 은혜로 미래의 천마와는 의형제를 맺고,
재능을 눈여겨 본 백린의선과는 사제 지간을 맺어
강호제일신의가 되는 진천희의 일대기!

지금 시작합니다!",카카오페이지
129,하트 크러시,"다심,연어전골,최수현",로맨스,"“조, 좋아해요. 교수님.”
“…내 생각엔 그쯤 하는 게 좋을 텐데.” 
“아아, 어차피 내일 가시잖아요. 저 다 알아요! 알고 말씀드리는 거예요.” 

한국대학교 흉부외과 2년 차 레지던트 유다온. 
노예 인생을 이대로 끝낼 수 없다며 일생일대의 용기로 
마지막 고백(?)을 대차게 지른 그날 밤, 그녀에게 비보가 날아든다. 

“막내야! 강 교수님 안 가신대! 그냥 우리 병원 있기로 했대!”

그렇게 시작된 노예 인생 제2막. 
돌이킬 수 없는 고백의 참사를 수습하고자 최연소, 최단, 최고,
모든 기록을 보유한 천재 교수님의 강제 어시스턴트로 낙점된다. 

“제가 교수님께 고백한 건 전환점 같은 거랄까. 
힘도 내고 용기도 얻고…… 버, 번지점프 하는 것처럼요!” 

“그래서 나를 번지점프대로 써먹었다?” 
“네?” “네 말대로 이제 겨우 2년 채운 전공의가, 
하늘 같은 교수한테 멋대로 뛰어들었다는 거네?” 

그런데 이 교수님, 원래 이렇게 잘 웃는 분이셨나? 
사랑인 듯 아닌 듯 종잡을 수 없는 흉부외과 막내(노예)의 러브 서바이벌.",카카오페이지
130,공작부인의 50가지 티 레시피,"앤트스튜디오,이지하",로판,"눈을 뜨니 공작부인이 되어 있었다.
그런데 이거, 뭔가 이상하다.

기껏 빙의까지 되었는데 하녀들에게는 괴롭힘 당하고,
남편에게는 냉대 받는 허수아비 같은 공작부인이라니.

거지같은 내 인생!

에라, 모르겠다. 그냥 조용히 홍차 덕질이나 하며 살아야지라고 생각했는데.

""다음번에도, 다시 한 번 차를 대접받을 수 있겠습니까.""

냉랭했던 남편의 상태가 이상하다?",카카오페이지
131,다크 히어로의 딸이 되는 법,"곰달,피나,리사벨",로판,"사람이 마구 죽어 나가는 추리 소설 속 엑스트라가 되었다.
그것도 생존율 최저의, 꿈도 미래도 없는 거지소녀로!

""범인은 바로 저 사람입니다!""

눈 앞에서 사람이 죽어 나가는 걸 볼 수 없어서 
몇 번 슬쩍 범인을 일러줬더니-

""내 딸이 되도록.""
범죄자를 때려잡는 이 소설의 주인공이자, 
제국 최고의 권력자인 공작님에게 입양을 제의 받았다!

배 곯는 뒷골목 생활은 이제 끝?!    
폭신폭신한 빵을 두개나 먹어도 된다며 행복해하던 것도 잠시, 
문득 소설 속 숨겨진 설정이 떠오르고 마는데. 

'……잠깐. 이 소설, 주인공이 사이코패스라는 설정 아니었던가?'

악당에게는 누구보다 차가운 공작님, 하지만 내 딸에게는 따뜻하겠지!

로맨스릴러 육아물, <다크 히어로의 딸이 되는 법>",카카오페이지
132,템빨,"이동욱(REDICE STUDIO),Team Argo,박새날",소년,"[신영우 (유저 네임: 그리드)]
세계 최고의 가상 현실 게임 <SATISFY>.

현실에서나, 게임 속에서나, 불운은 항상 그의 곁을 맴도는데....
퀘스트 수행 중 우연히 발견한 게임 속 로또, '파그마의 기서'. 
20억 명이 넘는 유저 중 유일한 최강의 레전드리 직업으로 전직.

""어떻게 아직 살아있는 거지...?!""

""뭐, 특별한 건 없고...""


""템빨이죠.""

지긋지긋한 불운과 악몽 같은 빚쟁이 인생에서 벗어난
최강 플레이어 ""그리드"".
고인물도 울고 갈 끝판왕이 찾아온다!

[<SATISFY>에 접속합니다.]


-------------------------------------------------------
웹툰 <템빨>은 매주 토요일 연재됩니다.
-------------------------------------------------------",카카오페이지
133,토끼와 흑표범의 공생관계,"목인,사담,야식먹는중",로판,"내 이름은 비비 래비안.
명망 높은 래비안 가(家)의 토끼 수인이야.

성인이 되면 모두들 인간이 되는 수인의 세계에서
무슨 이유에서인지 나만
열여덟 살이 되는 지금까지 인간화를 하지 못하고 있어.
그런 내가 부끄러우셨는지 
부모님께선 날 흑표범 영토에 버리셨지.

그리고 난, 마치 운명처럼
붉은 눈을 빛내며 날 바라보는 흑표범을 만나게 되었는데―

""잡아먹히는 게 두려워? 그럼 더 울어 봐.""
""다리가 짧아서 그렇잖아, 뚱보 토끼.""
""넌 내가 주워 왔잖아. 그러니까 내 소유인 거지.""

얘… 얘는 정상이 아니었던 것이야~!!!

흑표범도 모자라 사자에, 늑대들까지―
하필 맹수들만 득시글한 이곳에서
아직 새끼 토끼인 나, 잘 살아갈 수 있는 걸까?

가녀린(?) 새끼 토끼 비비의 대모험―
<맹수 소굴에서 살아남기 프로젝트>를 지금 시작합니다!!",카카오페이지
134,레이디 베이비,"핑민,주해온",로판,"차례차례 이어진 가족들의 죽음과 전쟁.
칼리오페 역시 죽음을 비껴갈 수 없었다.

그런데.

""응애!""

응......애?! 응애라고?

태어날 무렵으로 회귀해버렸다?!

전생의 비극을 되풀이하지 않기 위해
칼리오페는 소근육 단련-곤지곤지 잼잼-도 하고,
자연의 법칙(중력)을 거스르기-뒤집기-도 하고,
의사소통 능력 향상을 위해 까까까까(가갸거겨)도 열심히 했다.

그 바쁜 와중에도 가족들과 행복한 나날을 보내기 위해 거침없이 사랑을 표현...
...하는데 왠지 가족들이 더 많이 표현한다...?

숨만 쉬어도 귀여워하며 자신을 덕질하는 가족의 모습에
괴로우면서도 행복한 나날을 보내는 칼리오페.
그리고 달라진 그녀의 곁으로 다가오는 사람들.
미래는 바뀌고 있다.

하지만 드러나는 음모 역시 점점 커지는데......


과연 그녀는 가족의 죽음에 얽힌 음모를 밝혀내고 미래를 바꿀 수 있을까?


*******************************************

화제의 로판 <레이디 베이비>, 본격 웹툰화!
원작 소설과 만화 두 가지 즐거움을 맛보세요!

*******************************************",카카오페이지
135,접근 불가 레이디,"용두식,밍숭,킨",로판,"""힐리스. 부탁이야. 네가 가브리엘 대신 죽어줘.""


언제나 고귀하던 내 오빠가 처음으로 나에게 머리 숙여 애원했다.
피 한 방울 통하지 않은 의붓 여동생을 위해 죽어달라고.


""이번 한 번만 더 죽어주는 거 별로 어렵지 않잖아. 그렇지?""


일곱 번째 배신당한 날,
나는 비로소 헛된 미련들로부터 완전히 자유로워졌다.


""네가 끝까지 인간 말종에 쓰레기라 다행이야.""


당신들의 사랑 따위, 이제 줘도 안 가져.
마침내 내가 먼저 그들을 버려 줄 차례였다.

#로맨스판타지 #피폐물 #회귀물


웹툰 밍숭, 용두식 / 원작 킨, 연담 / 타이틀 디자인 공민경 / 발행처 콘텐츠랩블루, 연담",카카오페이지
136,메디컬 환생,"키다리스튜디오,유인(流人)",드라마,"실패한 외과 의사로서의 삶을 살던 김진현,
우연한 사건으로 인해 환생의 기회를
얻는다. 그리고 돌아간 시점은 중학생 김진현의
모습. 새로 얻은 삶의 기회를 소중히
여기고 악착같이 공부하는 진현.
이번 삶의 목표는 힘들고 돈도 못 버는 외과의가
아니라 돈 많이 버는 피부과 의사다!",카카오페이지
137,사실은 내가 진짜였다,"유운,삼월",로판,"아빠에게 사랑받기 위해 철저하게 자신을 억누르며 살아온 키이라.
어느 날 자신이 유일한 친딸이라 주장하는 코제트가 나타나고,
키이라는 가짜라는 죄목으로 처형당하고 만다.

생의 마지막 순간, 코제트는 키이라의 귀에 “사실은 네가 진짜였단다""라는 말을 속삭이는데…
키이라는 그 말을 기억한 채 과거로 회귀한다!

복수도 중요하지만, 가짜 건 진짜 건 무슨 상관이야?
다시 찾은 생, 이젠 나를 위해 자유롭게 살겠어!
친구 사귀기는 처음인 귀염뽀짝 여주의 성장 로맨스.",카카오페이지
138,악당의 엄마가 되어버렸다,"이로,율지",로판,"소설 속 최종 흑막이 될 예정인 '아인스페너'의 엄마로 빙의해 버렸다.
그것도 아이를 학대해서 죽임을 당하는 나쁜 새엄마로.

이 비극의 운명에서 도망칠 방법을 궁리하는데, 눈 앞에 보인 건 아무 것도 모른 채 순진 무구한 얼굴을 하고 있는 악당 유망주...?

'아니, 이 작고 오동통한 손가락마저 물고 빨고 싶을 만큼 귀여운 아이인데! 도대체 학대할 곳이 어디 있다고!'

그래서 나는 결심했다! 이 아이를 지켜주기로, 그러니까.. 다 크면 나도 좀 살려줘!",카카오페이지
139,구경하는 들러리양,"윰윰,엘리아냥",로판,"깨어나보니 내가 가장 좋아하는 소설 속에 들어와 버렸다!
그런데 주인공도 악역도 아닌… 눈물 나는 분량의 ‘들러리’라고?

현실에 치여사는 스물 다섯 학원 강사 김혜정! 그런데 즐겨 읽던 소설 <야수의 꽃> 세계로 떨어져 소설 속 인물 ‘라테 엑트리’가 된다.

…그런데 기왕 들어오게 해 준거 소설 속 미남들과 썸 좀 타는 주인공이 되게 해주지. 
여주인공을 괴롭히다 털릴 예정의 조연 라테 엑트리가 되어버리다니! 
에휴~ 그러면 그렇지 내 팔자야.

그래, 기왕 이렇게 된 거 열심히 구경이나 하자!
어차피 소설 보는 재미로 살아왔던 인생! 소설이 눈앞에서 실현된다는데 어찌 마다하겠는가! 
팝콘이나 먹으며 구경하지 뭐. 와작!

그런데 조연이었던 라테는 오히려 소설 속에서 자신의 존재감을 점점 내보이게 되는데…? 
소설 속의 들러리양의 파란만장한 구경기가 시작된다!",카카오페이지
140,샤크,"운(雲),김우섭",소년,"상어는 부레가 없어서 잠깐이라도 움직임을 멈추면 물속에 가라앉아 죽어.
그래서 상어는 태어나서 죽을 때까지 끊임없이 움직이고 또 움직여야 해.
너도 마찬가지야. 살아남고 싶으면 끊임없이 움직여라.
그럼 최고의 사냥꾼이 될 거다. ...상어처럼.",카카오페이지
141,정령왕 엘퀴네스,"냐르,이환",소년,"우연히 교통사고로 사망한 평범하기 짝이 없던 고등학생 강지훈은
명계에서 자신이‘인간으로 잘못 태어난 물의 정령왕’이라는 사실을 알게 된다. 

“물의 정령을 만들라니? 어떻게 하는 건데?” 

인간으로 잘못 태어났던 물의 정령왕 엘퀴네스의 좌충우돌 모험기!",카카오페이지
142,폭군의 신경안정제,"김슬기,연주,포기븐",로판,"몸에 재앙이 봉인되어
태어난 이래 평화로워 본 적이 없는 폭군, 세르윈.

""누가 나를 부드러운 천으로 둘둘 감싸서 벽난로 옆에 눕혀둔 기분이야.""
""포근한 향기가 나고, 따뜻하지.""
""머리도 둔해지고, 몸도 나른해져.""

폭군의 비운의 연인이 되어 시작부터 죽어서 나오는,
마녀 아멜리에게 빙의 된 회사원.

""내가 소설 좀 욕했다고, 꼭 이렇게 해야 했냐? 어?""
""전세계 막장드라마 시청자들은 왜 그냥 두는 건데?!""
""나한테만 이러기 있어?!!""

죽고 또 죽을 수 없어,
도망치고 숨고 피해 보아도
결국엔 세르윈의 손바닥 위인데…….

""본인은 모르나? 네게서는 좋은 냄새가 난다.""

자신을 죽일,
그러나 자신의 곁에서만 편안해지는 이 폭군에게서
아멜리는 무사히 안전을 보장받을 수 있을까.",카카오페이지
143,테이밍 마스터,"ARC,빙빙고,박태석",소년,"전 세계에서 가장 인지도 높은 VR(가상현실) 게임 ‘카일란’. 
가상현실학과에서도 유명한 자타공인의 게임 폐인 이안. 

서버에서 순위권에 드는 궁수로서 남부러울 것 없는 그가
우연히 획득하게 된 히든 클래스로의 전직을 위해 주위의 반대를 무릅쓰고
93레벨의 캐릭터를 과감히 삭제한다.

그가 선택한 것은 카일란 최고의 노답 직업인 소환술사? 
엎친 데 덮친 격으로 F학점을 피하려면 두 달 안에 
삭제한 캐릭터의 레벨까지 올려야 하는데…

100렙까지는 1년이 걸린다는 극악의 레벨업을 자랑하는 카일란에서
불과 두 달만에 93레벨을 찍기 위한 그의 고군분투가 펼쳐지는데...

레벨 업을 향해 더 빨리, 더 철저하게, 더 끈질기게
『테이밍 마스터』의 전설이 시작된다!",카카오페이지
144,"태자, 첩이 되겠습니다","진선,박락원",로맨스,"천운국 대장군, 골칫덩이 태자에게 청혼받다?!

대대로 천운국 병권을 틀어쥔 명문 무가의 가주이자, 출정할 때마다 승전고를 울리며 돌아올 만큼 뛰어난 능력을 지닌 대장군 황보익선. 익선의 승전을 축하하는 연회에서 황제는 익선의 공을 치하하며 은근슬쩍 황태자와의 혼인 이야기를 꺼내지만, 익선은 단칼에 거절한다. 그러나 연회가 무르익을 무렵, 황실의 골칫덩이라 불리는 황태자 운하가 들이닥친다. 운하는 익선에게 반했다며 결혼시켜 달라고 떼를 쓰다가 급기야 익선의 첩이 되겠다고 선언한다. 

“태자 운하, 지금 이 순간부터 대장군 익선의 첩이 되겠습니다.” 

대장군 익선과 그녀의 ‘첩’이 되겠다 선언한 
황태자 운하의 국운 쥐락펴락 로맨스


#대장군여주 #황태자남주 #대형견남주 #계약결혼 

ⓒ 진선, 원작 박락원 / SEOUL MEDIA COMICS, INC.",카카오페이지
145,로그인 무림,"장철벽,제로빅",액션무협,"세상의 경계인 게이트에서 몬스터 사냥을 하는 헌터들이 잘 먹고 잘 사는 시대. 주인공 진태경은 최하위 헌터라 벌이가 시원찮다. 어느 날, 낡은 VR 게임기를 줍게 되고 접속하니 무림의 세계가 펼쳐진다. 우여곡절 끝에 현실로 돌아온 태경은 무림에서 얻었던 힘이 현실에서도 그대로 남아있음을 깨닫는다. 이제 상급 헌터가 되어 돈을 버는 일만 남았는데... 게임 속 NPC 아니, 동료들이 걱정이 되어 다시 무림에 접속하게 되는데!",카카오페이지
146,황제와 여기사,"팀이약,헤윰,겨울,안경원숭이",로판,"“오늘따라 경이 귀여워 보이는구나.”
“폐하, 어디 불편하십니까?”

미모와 능력을 갖춘 대륙의 패왕, 남자보다 거친 여기사에게 반하다?!
전우애가 연애로 발전하기까지, 진중함과 유머의 황금비로 풀어내는 
새로운 스타일의 ‘여기사 로망’!

때는 전시, 여기사 폴리아나는 적국 아크레아의 군대에 패배한다.
그녀는 남자들의 사회에서 살아남기 위해 필사적으로 노력해 왔으나
이제는 허망히 죽을 신세.

하지만 아크레아의 젊은 왕 룩소스 1세는
그녀의 사투를 보고 뜻밖의 제안을 던진다.

""짐은 꿈이 있다. 계속 남하해 대륙을 일통하고 최초의 황제가 될 것이다. 
어떠냐. 귀경도 짐의 뒤를 따라 세계의 끝을 밟는 것은?”

폴리아나를 인정해 준 룩소스 1세에게 그녀는
평생의 충성을 맹세한다. 기사로서.

그러나 패도의 막바지에서 룩소스 1세는 
폴리아나에 대한 사랑을 자각하고 마는데…….
사랑의 전장에선 황제도 약자일 뿐!

천하일색 황제 VS 철옹성 여기사,
엇갈리는 관계의 끝은 과연?

2016년 여기사물의 뉴웨이브 <황제와 여기사>, 대망의 웹툰화!

=====================
[로고 및 표지 디자인] 디자인 그룹 헌드레드",카카오페이지
147,데이지-공작의 혼약자가 되는 법,"W(REDICE STUDIO),YUZU,리사벨",로판,"3년만 결혼하고 50억 받기 vs 60년간 무보수로 노동하기

과연 데이지의 선택은?

“계약 부인으로 취직할게요. 당신의 좋은 파트너가 될게요.”

뜨거운 조건의 정략결혼.
계약의 규칙은 간단.
애정 금지로 대동단결.
3년 후 신속한 이혼 보장.
남편을 반하게 만드는 것 절대 금지.

“우리 가문의 사내들은 치정살인 전문이거든.”

쓰레기 같은 남자의 정부로 불행한 삶을 산 데이지.
한 번의 삶을 망치고 비참하게 죽어버린 가엾은 그녀.
죽기 전으로 돌아와 제2의 인생을 살게 된 그녀의
단 하나의 소원은 평범하고도 소소한 행복을 누리는 것.

과연 데이지는 킬리언의 곁에서 소원을 이룰 수 있을까?!

-------------------------------------------------------
웹툰 <데이지>는 매주 토요일 연재됩니다.
-------------------------------------------------------",카카오페이지
148,마왕의 딸로 태어났습니다,"은민,여울",로판,"‘불행한 삶을 살다 교통사고로 죽은 조아라, 
 그녀가 파괴와 섬멸의 마왕 딸로 다시 태어났다?! ’

 학교에서는 왕따를 당하고, 친척에게는 구박을 당하는 조아라, 어느 날 고모의 폭력으로부터 벗어나기 위해 도망을 치다가 교통사고로 안타깝게 생을 마감한다.

 정신을 차려보니 자신을 품에 안고 죽은 어떤 여성이 보이고, 자신이 다시 갓난아기가 되었다는 사실을 알게 된다. 뒤늦게 방으로 들어오는 검은 장발 머리의 남자, 그의 이름은 카라반,  마계를 다스리는 파괴와 섬멸의 마왕이다. 그는 자신의 아내가 아이를 낳다가 죽은 사실을 알고 이성을 잃게 된다. 자신의 아내를 죽게 만든 아기의 목을 졸라 죽이려 하지만 아이의 눈이 자신의 아내와 꼭 닮은 것을 보고 이성을 되찾게 된다. 이후, 카라반은 자신의 딸을 영원히 사랑하고 지키겠노라 맹세한다. 

 조아라가 환생한 그 아이에게 ‘아이린’이라는 이름을 지어주고, 마왕과 그의 집사, 그리고 성기사였던 아내의 동료인 천사들까지 힘을 합쳐 아이린을 키우기 위해 고군분투한다. 

불행한 삶을 살다 마왕의 딸로 다시 태어난 아이린(조아라), 마왕과 그녀를 둘러싼 사랑과 모험의 이야기가 시작된다!",카카오페이지
149,감방에서 남자주인공을 만났습니다,"문시현,피티",로판,"책 속 감방에서 남자주인공을 만났다.

쟤가 19금 피폐 소설 남자주인공이란 건 알겠는데……. 
왜 저래?

“왕! 왕! 왕! 아르르르르.”

정신만 짐승이 되는 저주에 걸렸다더니…….
그렇다고 저주에서 깨어난 모습은 어떠냐.

“채, 채, 책임질 거 아니면 소, 손대지 말,아요!”

그냥 남주랑 설렐 일은 없겠다 싶어 안심했다.

“1년 뒤. 이, 이곳에서 벗어나는 날, 나…랑 만나주세요!”

만나는 거야 어렵지 않겠다 싶어 알겠노라고 했지.
그렇게 내가 먼저 출소를 했는데…….

“어서 와. 꽃처럼 사랑스러운 내 여동생.”

출소하는 날 내게 다가오는 남자로 알았다.
내가 악당의 여동생이었다는 걸.

“나 대신 다녀오느라 고생 많았지? 너만을 기다렸어.”

젠장, 그것도 남주와 철천지원수인 악당의 소중한 여동생이라고?!

3년 뒤, 다시 만난 남주는 전혀 다른 얼굴로 웃었다.

“안녕, 이아나. 지금부터 너를 납치할 거야.”",카카오페이지
150,화산전생,"토마씨,정준",액션무협,"전란의 시대에서 운이 좋게 살아남아 화산파의 장로가 된 주서천.
평생 영광을 맛보지 못한 채 후회와 미련만 가득 안고 눈을 감는다.
그러나 죽음을 맞이하는 순간, 어찌 된 영문인지 운명은 그를 다시 과거로 돌려보내는데…….",카카오페이지
151,내 동생 건들면 너희는 다 죽은 목숨이다,"철무장미,웹작툰가,몰포",드라마,"어느날, 침대에서 굴러떨어졌다가 눈을 떠보니
BL소설 <푸른 별밤의 아스테리온>에 빙의했다.

그것도 이런 저런 못된 놈들 등쌀에 못 이겨 자살하는 막장 스토리의 주인공,
아스테리온…의 누나, 로잘리테로!

문제는, 내 동생 아스테리온이 죽으면,
내가 열여섯살 로잘리테로 돌아오게 되는 시스템이라는 것!

그렇다면 수많은 막장 똥차들에게서 동생을 지켜내고,
반드시 무한회귀를 막아주겠어!

끝내주는 재벌이든, 한 나라의 왕자든, 
바다 건너 제국 황태자든, 아무튼 그 누구라도

<내 동생 건들면 너희는 다 죽은 목숨이다>",카카오페이지
152,닳고닳은 뉴비,"보늬,레고밟았어",소년,"서비스 종료까지 앞으로 15년.
오직 나만이 엔딩을 알고 있다.

'나는 고인물이다'",카카오페이지
153,나 홀로 버그로 꿀빠는 플레이어,"청초,오둥둥",액션무협,"과도한 업무와 밤샘 게임으로 돌연사?!
눈을 뜬 나를 반긴 것은 게임 <파라디소>의 세계관 속이었다.

그것도 초고도비만의 몸뚱이와 몰락하기 일보직전의 완벽한 듣보잡 엑스트라 영주. 자레드의 몸으로 환생했다!

망할! 소설이나 영화 속 주인공들은 존잘남으로 태어나서 호의호식하며 잘 살던데!

“반드시 정점을 차지하겠어!”

성공하고 성장 할 수 있다면!
버그든 꼼수든 무엇이든 OK!

자레드의 혹독한 다이어트와 버그로 꿀빠는 치열한 현생 도전기가 시작된다!

* 원작소설 <나 홀로 버그로 꿀빠는 플레이어>",카카오페이지
154,슈퍼맨,"피터 J. 토마시,패트릭 글리슨",소년,"강철의 사나이가 자신을 길러준 고향을 지키다 죽었다. 
하지만 그의 죽음을 곁에서 지켜본 더 나이 들고, 더 지혜롭고, 
더 경험 많은 또 다른 슈퍼맨이 있었다. 
사라진 평행 지구에서 온 그에게는 아내 로이스 레인과 아들 조나단 켄트가 있었다.
이 옛 슈퍼맨이 죽은 슈퍼맨 대신 망토를 걸치고 
다시 한 번 지구 최고의 히어로로 하늘을 누비려 한다.

그러나 이 지구로 건너온 크립톤의 마지막 생존자는 그 혼자만이 아니었다.

순수한 크립톤 유전자를 지키는 것이 최우선 명령으로 각인된 기계 이래디케이터가 가족의 뒤를 쫓는다. 
그에게 조나단은 오염된 크립톤 유전자로 인식되었다. 
과연 슈퍼맨의 아들은 새로이 발현한 초능력을 제때 깨우쳐 인간성의 소거를 막아 낼 수 있을까?",카카오페이지
155,접근금지거리 10M,등불,BL/GL,"학생 공포증에 시달리고 있는 교사, 남주원.
교내에서 유명한 돌+I 이태겸이 주원의 반에 속하게 되고,
출근 첫날부터 태겸과 어이없이 얽히게 된다.

오해 아닌 오해를 계기로 계속해서 다가오는 태겸이 무서운 주원.
""이태겸 너, 경고하는데 내 근처에 10M 이상 다가오지 마라.""

""난 선생님 맘에 들었는데... 나, 무서워하지 말아요.""
뜻밖의 고백(?)에 주원은 더욱 혼란스러울 뿐인데...

직진남 태겸과 모태 철벽러 주원의 쫓고 쫓기는 밀당 로맨스!
그 녀석과 나 사이의 <접근금지거리 10M>",카카오페이지
156,양판소 주인공의 아내로 살아남기,"아빈,녹끼",로판,"양판소 주인공의 아내로 빙의했다.
정확히, 주인공의 손에 죽는 악역 조연 겸 사치스런 아내로.
그래도 어렸을 때부터 잘 대해주면 목이 잘리는 상황은 막을 수 있지 않을까?

좋아. 
지금부터 내 목표는 평화롭게 이혼하는 것!

“그래서 내가 이혼해주면 냅다 노아한테 달려가시겠다?” 
“으, 응?” 
“난 내 아내랑 동생이 노닥거리는 꼴을 보려고 전쟁터에서 그 고생을 한 게 아니니까!” 

아니 거기서 네 동생 이름이 왜 나와?",카카오페이지
157,천재 의사 이무진,"김형사,이해날",드라마,"『어게인 마이 라이프』, 『오늘은 출근』, 『국회의원 이성윤』 의
인기 작가 이해날 작가의 원작 소설 <의사>가 웹툰으로 다시 태어났다!

동네에서 싸움으로만 명성이 자자한 무진은
우연히 운명 같은 메스 하나를 얻게 된다.

그 메스에는 의문의 의사 아클레가 깃들어 있었고!
""내가 널 의사로 만들어줄게!""
그녀의 한 마디가 무진의 인생을 180도로 뒤바꿔 놓는데!

의술은커녕 민간요법도 모르던 무진은 아클레의 도움으로
주변 사람들의 목숨을 구하면서 점차 의사의 꿈을 키우게 된다.

""좋았어! 이제부터 내 목표는 천재 의사다!!""

문제아 무진은 과연 진정한 의사가 될 수 있을까?

천재 의사 유령 '아클레'의 도움으로
진정한 의사로 거듭나는 무진의 생(生)과 사(死)를 가르는
메디컬 판타지 드라마가 지금 펼쳐집니다!",카카오페이지
158,수라전설 독룡,"영광(앤트스튜디오),시니어",액션무협,"유구한 역사를 자랑하는 약문(藥門)들의 잇따른 멸문지화.
시체가 산처럼 쌓이고 피가 바다처럼 흐르는
절망의 지옥에서 마침내 수라(修羅)가 눈을 뜬다.

- 하나도 남김없이 모두 죽일 것이다.
놈들을 전부 죽일 때까지 절대로 끝내지 않아.

약문 백화절곡의 유일한 생존자 진자강.

먼 훗날 강호 무림사에 전설로 기록될
한 사내의 고독한 복수행이 시작된다!",카카오페이지
159,왕의 딸로 태어났다고 합니다,"프로리,IlIlIIll,마젠타블랙,김렉나,비츄",로판,"스물 여섯. 불미스런 사건으로 소박하지만 아름답던 연인 
진수와의 사랑을 뒤로하고... 새로운 세계에서 공주님으로 환생한 수희. 

하지만 이곳은 남존여비가 팽배한 세상! 공주님 에게도 예외는 없다!!
상희 라는 이름으로 다시 환생한 그녀의 눈에 이 세상은 
작은 것 하나하나 마음에 들지 않는다. 

세상을 바꾸겠다는 당찬 포부와 함께 그녀의 앙큼한 반란이 시작된다 .",카카오페이지
160,내가 딸이에요?,"이영유,플로우",로판,"악마 같은 백작에게 입양되어
평생 오두막에 감금된 채 살다 죽음을 맞이한 헤이린. 

눈을 뜨니 일곱 살,
하필이면 백작에게 입양되기 직전 상황으로 회귀했다.

헤이린은 신에게 묻고 싶었다.
도대체 자신이 무얼 잘못했느냐고!

그녀는 신을 원망하며 백작가를 향해 달리는 마차 밖으로 몸을 내던지고
그 길로 신의 축복을 받은 칼리스토 가문의 공작이자
신성함의 상징 빈센트를 만나게 된다. 

그런데
“푸른 피입니다.”

고아인 줄 알았던 그녀가 칼리스토 공작가에서
천 년 만에 태어난 여자아이란다. 

“정말 내가…… 딸이에요?” 

일평생 여자를 멀리하며 금욕적인 삶을 살아온
빈센트는 결코 애가 생길 만한 행동(?)은 한 적이 없다며
아빠임을 부정하는데... 

“……마물인가?”

출생의 비밀을 품은 헤이린의 등장으로
제국과 신성국이 크게 들썩인다!

초보 아빠 빈센트와 초보 딸 헤이린의
서투르지만 사랑스러운 육아물!

==============================

[표지 및 타이틀 로고 디자인] 디자인그룹 헌드레드",카카오페이지
161,밥만 먹고 레벨업,"코개,박민규",소년,"전 세계에 단 두 명만 존재하는 희귀병 폭식 결여증에 걸린 주인공. 
하루하루 살기 위해 먹는 걸 조절하며 살아가고 있지만 희망이 없어보인다, 
의사의 추천으로 시작하게 된 가상현실게임 '아테네'에서는 음식을 마음껏 먹고도 살이 찌지 않는데.
살기 위해 게임을 하며 성장하는 식도락 판타지 라이프!",카카오페이지
162,나를 버려주세요,"코타비,채로,자은향",로판,"희귀병에 걸려 죽은 공녀를 대신해 입양 된 아델.
평생을 사랑받기 위해 애썼지만, 여동생이 태어나자마자 버려지고
정략결혼을 하러 가던 길에 의문의 적들에게 암살 당해 죽고 만다.

""혹시 이거 꿈인가?""

그런데 눈을 뜨니, 왜인지 3년 전 과거로 돌아왔다!
어차피 여동생이 태어나면 버려질 운명이기에, 이번 생에서는 마음대로
살아 보려고 하는데, 어쩐지 자꾸만 인생이 꼬여간다.

""저에게 흥미가 있으셨던 것 아니었습니까?""

게다가 정체불명의 검은 기사는 자꾸만 그녀를 찾아오는데...",카카오페이지
163,아파도 하고 싶은,"김인정,채랑비",로맨스,"‘그’를 아주 오랫동안 짝사랑해왔다.

하지만, 

그에게 하연은 여자가 아니었다. 
좋게 봐야 같은 동아리 후배, 
더 나아가서는 같은 직장에 다니는 여자애. 그냥 그 정도.

그랬던 그가 결혼을 한다?

“선봐서 곧 결혼할 거야. 되도록 이른 시일 내에.”

모르는 여자와의 계약 결혼을 할거라는 남자의 말에 
하연은 오랫동안 간직했던 감정을 억누르지 못했다. 

“꼭 하셔야 한다면…. 저랑 해요, 그 결혼.”

서투룬 유혹, 남자의 단단한 등에 매달려 뜨거운 입술을 겹쳤다.
발칙한 후배의 도발. 선배는 화를 낼까. 아니면 미쳤다고 비웃을까. 
그러나 남자의 입에서 나온 말은 예상외의 것이었다.

“할 거면 제대로 해야지.” <아파도 하고 싶은>",카카오페이지
164,대마법사의 딸,"문설아,새벽애",로판,"줄곧 나를 미워한 부모님은 친부모님이 아니었다. 내게 진짜 아빠가 따로 있다고 한다.
그래서 떠났다. 친아빠에게로.

*원작소설 <대마법사의 딸>",카카오페이지
165,폭군에게는 악녀가 어울린다,"나전,자개,유이란",로판,"하루 아침에 희대의 폭군, 에스티안의 신부가 된 세실. 
끌려가듯 보내진 제국이지만, 
황제의 얼굴을 본 순간 마음이 바뀌었다.

""미남이시네요?""

남편이 마음에 든다. 
남편도 내가 마음에 든다! 

하지만 남편과 백년해로 하려면, 
폭군을 뛰어넘는 악녀가 되어야 한다는데?!",카카오페이지
166,폭군을 길들이고 도망쳐버렸다,"지현,멜팅,유소이",로판,"황제에 의해 본질마저 부서진 채
제국을 위한 살아있는 검이 됐었던,
샤를리즈 로넌.

""저는 저주받은 마검이 아닙니다.""
""저는 사람입니다!!""

철저하고 완벽한 복수를 위해
제국을 지배하게 될 미래의 실세,
딜런을 길들이기 시작하는데…

""황자님, 언제까지 그렇게 살 생각이세요?""

""스승님이 저를 바라보는 것 이상으로,""
""저는 스승님을 의아하게 바라보고 있습니다.""

제 삶을 대가로 번영했던 제국의 멸망,
샤를은 바라는 것을 이룰 수 있을까.",카카오페이지
167,천애협로,"지와겸,촌부",액션무협,"세상과 호흡하라, 천하를 얻으리!

무림맹주, 아미파 장문인, 군무 제일검, 남궁세가의 안주인을 키워낸 여인,
진무신모 유월향. 

매병에 걸린 그녀가, 어느 날 사라져버렸다!
진무신모의 아들 무림맹주는 비밀리에 그녀를 찾아나서고,
그녀의 오랜 숙적 혈마의 부하들도 그녀를 추적한다.  

한편 무한 삼진의 가난한 고아들 앞에 
갑자기 나타난 정체 기이한 할머니!
할머니는 자신이 고아들의 친할머니라고 주장한다.
고아들은 할머니를 받아들이고 서로 의지하며 살아간다.  
그중 맏이 소량의 비범한 재능을 알아본 할머니는 
소량에게 무공을 사사한다.  

하지만 얼마 지나지 않아 
피습의 흔적만 남긴 채 할머니는 사라지고, 
소량은 할머니를 찾아 길을 떠난다. 

강호에 나선 소량, 
진무신모 유월향의 마지막 제자의 이야기

독특한 감성 무협 <천애협로>!
웹툰으로 더욱 웅장하게 돌아왔다!",카카오페이지
168,악역 황녀님은 과자집에서 살고 싶어,"밤만쥬,프리드리히",로판,"찢어지게 가난한 집 아이로 환생한 줄 알았더니….
“아나스타샤 황손 저하를 모시러 왔습니다!”
…아무래도 나는 ‘원작’에서 권력을 탐하다
비참한 최후를 맞이하는 황녀에 빙의한 모양이다.

권력에 관심이 없음을 보여 줄 겸,
전생에서 못다 이룬 파티시에의 꿈을 향한 욕심도 채울 겸,
계약한 정령의 도움을 받아 열심히 과자만 구웠다.
맛있는 걸 먹으면 기분이 좋아질 테니
설마 나를 죽이지야 않겠지!

그런데 냉혹하고 비정한 황제(할아버지)도,
나를 파멸로 몰고 갈 남주 황태손(사촌 오빠)도,
제국 최강의 기사인 소공작(오빠 친구)도,
나한테 칼을 꽂을 노예 기사(엘프)도!

""저하의 라임 파이가 좋다는 말입니다.""

…이 사람들, 설마 과자 말고 나한테 푹 빠진 건가?
디저트처럼 달콤하고 사랑스러운
악역 황녀 아샤의 베이킹&힐링 판타지!

**************************

[표지 및 타이틀 로고 디자인] 송가희

**************************

웹툰 [악역 황녀님은 과자집에서 살고 싶어]는 매주 일요일, 주1회 연재됩니다.",카카오페이지
169,황녀의 생존법칙,"사사,양지묘",로판,"신선들이 사는 선경(仙境). 모든 수선자들이 수련에 매진할 때, 홀로 인간을 위해 악당과 싸우는 정의의 수선자 능소파 선녀 청아.
신선이 되는 것보다 사랑을 선택한 그녀는 자신이 그토록 사랑했던 사부와 결혼을 하는 꿈을 이루게 되었는데...
하지만 혼인을 올린 뒤, 곧바로 남편에게 금단(金丹)을 빼앗기고 죽임을 당한다. 
그리고 그녀는 아레스 제국의 황녀로 환생하게 되는데...

태어나자 마자 '버림 받은 황녀', 붉은 색 눈을 가진 '불길한 아이', 저주 받은 쌍둥이에게 영혼을 바쳐야 하는 '제물'...

""왜 나는 이렇게 재수가 없는 거야~~?""

과연 사야는 비운의 황녀로서 새로운 세계에서 잘 살아갈 수 있을까...?",카카오페이지
170,정령 농사꾼,"구식이,수색영장",소년,"[농사꾼, 정령을 만나다.]

11년 동안 초인이 되기 위해서 노력했지만 결국 일반인으로 끝난 이건우.

모든 걸 뒤로 하고 집으로 돌아왔을 때, 그에게 정령이 찾아왔다.

""하와!!!!""

본격 농사 & 힐링 판타지.

농사의 정령 하와와 함께하는 귀농 Life!",카카오페이지
171,갓 오브 블랙필드,"운(雲),신인성,무장",소년,"""Who am I?""

프랑스 외인부대의 전설 '강찬'!
아프리카 전장에서 그를 상대한 자들은 공포와 경외를 담아
'갓 오브 블랙필드' 검은 땅의 신이라 불렀다.
하지만 수니파 추종 세력 SISS의 수뇌인 마살란 사살 작전에
투입된 강찬은 배후에서 날아든 의문의 총알에 전사하게 되고,
점점 감기는 시야 사이로 압도적인 열세에 자신을 믿고 따르던 동료들이
하나 둘 목숨을 잃어가는 것을 마지막으로 무기력하게 눈을 감는다.
그렇게 배신을 당해 죽음을 기다리고 있던 강찬은 의문의 힘에 의해
3년의 시간을 넘어 '강찬'으로서 대한민국으로 돌아오게 되지만,
그는 19살의 왕따를 당하는 또 다른 '강찬'이었다.

배신자의 복수, 환생에 얽힌 진실을 찾기 위한 강찬의 여정이 시작 된다!",카카오페이지
172,귀환자의 마법은 특별해야 합니다,"욱작가,유소난",소년,"""다시 돌아온 이상, 사랑하는 사람들을 두 번 잃을 순 없어!""

인류가 맞이한 최악의 재앙, 그림자 미궁.
데지르 아르망은 미궁 속에서 
마지막까지 살아남은 최후의 생존자 6명 중 한 명이다.
그들은 그림자 미궁의 마지막 단계에 도전하지만 결국 실패하고
세계는 멸망을 맞이하고 만다.

모든 게 끝이라 생각했던 순간,
데지르의 눈앞에 펼쳐진 것은 다름 아닌 13년 전의 세상?!

제국 최고의 마법 학원, 헤브리온에 입학했던 순간으로 돌아온 데지르.
그림자 미궁에서 잃었던 소중한 사람들과 재회하게 되고,
사랑하는 사람들과 세상을 구하기 위해 과거를 바꾸고자 하는데…!

그림자 세계 발생까지 남은 시간은 3년!
과거를 바꾸고, 강한 동료를 모아 세상을 구원하라!",카카오페이지
173,뜻대로 하세요,권정아,로판,"후작 저택의 하녀 디안은
돈에 팔리듯 진행되는 후작 영애의 혼약에 반대하여
한 가지 계책을 꾸며낸다.

영애를 몰래 국경으로 떠나보낸 후
자신을 후작 영애인 것처럼 꾸며
건국 영웅의 후손, 에펜하르트 변경백에게
가짜 신변을 위탁하러 가는데…….

디안은 무사히 백작을 속여 넘길 수 있을 것인가!


요정여왕이 살았다는 북쪽호수를 등진 성에서
이른 봄을 맞으며 펼쳐지는 낭만희극.",카카오페이지
