,keyword
0,"['독고', '세계', '과거', '심상', '모든', '영고', '제안', '주먹', '주장', '타협']"
1,"['마리', '토끼', '간다', '머리', '이제', '체력', '가의', '다만', '당한', '대학생']"
2,"['무인', '로부터', '사람', '최고', '포기', '과연', '주변', '마을', '습격', '자신']"
3,"['모험', '인간', '감행', '가장', '산악', '가출', '레드', '몰래', '무단', '변환']"
4,"['스텔라', '리프', '성녀', '목소리', '신성', '제국', '당신', '갈가리', '기회', '어찌']"
5,"['오도', '졸업', '마법사', '계속', '낙제', '두뇌', '밀러', '불운', '아카데미', '의지']"
6,"['가문', '인생', '피렌', '가주', '거기', '막대', '문화', '일가', '티아', '당첨']"
7,"['묵향', '판타지', '무협소설', '문학', '한국', '시작', '독자', '드래곤', '엘프', '원래']"
8,"['황태자', '나라', '용이', '용의', '모습', '로고', '버스', '데이', '디자인', '만화가']"
9,"['아기', '고양이', '해골', '서비스', '인간계', '대행', '연결', '옆집', '설상', '울음소리']"
10,"['그나', '마법사', '클래스', '제국', '마법', '문턱', '배신', '시간', '심장', '이자']"
11,"['오드', '테리', '티나', '괴물', '애완동물', '대공', '아버지', '전생', '형상', '간다']"
12,"['무협지', '부잣집', '악당', '최고', '무공', '빠빠', '아빠', '위해', '튀어', '어서']"
13,"['아버지', '공작', '그냥', '대신', '부자', '주지', '거래', '유일', '제국', '아이']"
14,"['반복', '자신', '다만', '끝내', '싸움', '적국', '영문', '온기', '주인공', '한쪽']"
15,"['눈물', '원작', '똥차', '여주', '개뿔', '안고', '여자', '다른', '이안', '이자']"
16,"['산수화', '아들', '동네', '무공', '살이', '스무', '각성', '놀림', '보라', '부모']"
17,"['위해', '대통령', '건달', '목숨', '목포', '사랑', '의리', '정춘택', '친구', '여인']"
18,"['범죄자', '악한', '정말', '처벌', '마음', '손수', '처리', '륜건', '생각', '지은']"
19,"['미카엘', '황실', '루스', '감옥', '공중', '괴물', '다시', '위해', '이자', '그녀']"
20,"['남자', '원작', '가족', '아가씨', '로이', '도련님', '주인공', '블레', '케미', '블레아']"
21,"['생각', '가족', '소설', '계모', '남자', '실천', '우마', '주인공', '프로젝트', '행복']"
22,"['레벨', '각성', '게이트', '누가', '누구', '인생', '토리', '플레이어', '해도', '나이']"
23,"['레이크', '열등생', '프레이', '대마도', '아카데미', '가문', '로드', '선택', '영혼', '웨스트']"
24,"['드라마', '병맛', '누구', '다섯', '매력', '액션', '주인공', '코미디', '툰즈', '과연']"
25,"['수련', '발견', '갖은', '경쟁', '소각', '수모', '제자', '종파', '주의', '지상']"
26,"['아비', '새끼', '여기', '간다', '사이', '목숨', '사방', '시작', '억지로', '임무']"
27,"['악당', '미화원', '조직', '너희', '목표', '솜방망이', '여동생', '청소', '달성', '사회']"
28,"['서원', '학사', '소설', '웹툰', '유현', '인기', '작가', '귀환', '개성', '명의']"
29,"['생명', '거리', '병기', '지배', '사리', '등장', '어시', '영웅', '이기', '고난']"
30,"['영웅', '귀환', '만렙', '골방', '데이', '천년', '회랑', '도착', '동안', '영혼']"
31,"['도굴', '무덤', '능력', '사람', '신의', '영웅', '유물', '의문', '출몰', '현대']"
32,"['무협', '대작', '시작', '지금', '지평', '환상', '전의', '괴이', '괴하', '삼백']"
33,"['그냥', '비위', '아기', '인척', '오늘', '피곤', '대법', '마도', '왕국', '제국']"
34,"['그녀', '남동생', '말로', '사치', '최후', '가장', '남편', '다운', '미치광이', '악역']"
35,"['범의', '프로그램', '모습', '점점', '변화', '술집', '겹치', '기억', '시작', '누군가']"
36,"['악녀', '그대', '대공', '드릭', '그녀', '황제', '아르', '인물', '상황', '당신']"
37,"['라지', '소환', '대행', '로드', '첫째', '가지', '그대로', '동시', '둘째', '라가']"
38,"['영웅', '선수', '프로야구', '기회', '동료', '산들', '스타', '가로막', '감독', '상황']"
39,"['결혼', '구원', '능력', '쌍방', '약간', '지향', '로맨스', '연애', '정통', '착각']"
40,"['마야', '만두', '머리', '전학', '고로', '동안', '생활고', '위해', '접근', '주머니']"
41,"['주원', '기운', '용의', '세자', '수련', '다시', '숙명', '왕국', '과연', '나라']"
42,"['기사', '그녀', '자신', '행복', '기억', '아무', '클라렌스', '평민', '과묵', '마법사']"
43,"['명의', '감전', '나니', '비서', '성창', '재벌', '꼴통', '다시', '세상', '아들']"
44,"['샤샤', '레베카', '악녀', '무기', '황태자', '애완동물', '원작', '파멸', '호의', '예정']"
45,"['메이즈', '남자친구', '만난', '사랑', '여자', '온갖', '이별', '남편', '마왕', '슈크르']"
46,"['아들', '공작', '과잉', '자의식', '결혼', '정성', '성덕', '아버님', '여주', '착각']"
47,"['누명', '사교', '명문', '불사', '시중', '주의', '활약', '공적', '다시', '무림']"
48,"['거지', '관계', '우위', '폭풍', '안고', '어째서', '지고', '지금껏', '남자', '순간']"
49,"['세계', '에리스', '소설', '악녀', '위해', '죽음', '오직', '그녀', '그것', '라면']"
50,"['주인공', '다소', '기어이', '누나', '악역', '여자', '납치', '문제', '서브', '아버지']"
51,"['전쟁', '인류', '린다', '몬스터', '폭발', '등장', '마력', '과거', '맞이', '죽음']"
52,"['세계', '소환', '약혼자', '눈치', '원래', '통해', '한가지', '계약', '남고', '눈빛']"
53,"['맞이', '버스', '병사', '죽음', '몬스터', '보이지', '상태', '일개', '주인', '해골']"
54,"['소녀', '영물', '주인', '호랑이', '대뜸', '지아비', '결심', '위협', '그녀']"
55,"['최강', '지지리', '최약', '아버지', '지상', '어머니', '무력', '부수', '아기', '조폭']"
56,"['사대', '천왕', '법칙', '주인공', '이의', '갈수록', '그룹', '결말', '웹소설', '드레드']"
57,"['오빠', '갑자기', '로맨스', '막내', '본격', '그때', '노예', '반항', '수요일', '요일']"
58,"['윈터', '결혼', '바이올렛', '왕실', '생각', '오빠', '해체', '사기꾼', '선언', '오명']"
59,"['관심', '부탁', '이야기', '마하', '방송', '기회', '반짝', '솔로', '신조', '약육강식']"
60,"['악녀', '소설', '시드', '운명', '주인공', '친구', '카시', '해도', '과연', '남자']"
61,"['카프', '외과의', '흉부', '태수', '리처드', '임종', '하루하루', '가장', '나날', '대학병원']"
62,"['서브', '소설', '공작', '로고', '시작', '온갖', '저주', '짐승', '플래그', '등장']"
63,"['귀환', '보상', '누구', '만렙', '가면', '군주', '모든', '사이다', '통해', '혼자']"
64,"['남편', '블랑슈', '처형', '아주', '사과', '과로', '나머지', '다이어트', '독살', '동화']"
65,"['천문', '문의', '고수', '평화', '중원', '각의', '동명', '만화', '무협소설', '소설']"
66,"['계속', '모종', '분노', '사건', '약속', '행방불명', '소문', '왕따', '처음', '또래']"
67,"['복수', '노력', '악역', '원작', '이면', '조카', '주인공', '하필', '학대', '삼촌']"
68,"['실라', '프리', '이혼', '복수', '결혼', '의뢰', '영지', '그녀', '용병', '사고']"
69,"['시작', '술사', '연금', '컬러', '강철', '추가', '업그레이드', '독자', '사랑', '여러분']"
70,"['생존', '극한', '무지막지', '사상', '사이다', '스탯들', '이계', '검사', '대검', '레벨']"
71,"['쌍둥이', '남매', '갑자기', '우리', '고등학생', '다섯', '생일', '시작', '아리', '아버지']"
72,"['그녀', '게으름뱅이', '늘보', '자꾸', '나무', '반드시', '언니', '이번', '하니', '결심']"
73,"['게임', '거지', '도대체', '모자라', '상황', '남자', '낯선', '헐벗', '모두', '악역']"
74,"['모든', '정복', '생명', '불치', '백혈병', '저걸', '세상', '조현', '췌장암', '치매']"
75,"['수선', '진범', '다짐', '수련', '신선', '과거', '스무', '정신', '현대', '회귀']"
76,"['꼬마', '판타지', '로맨스', '마녀', '우선', '달래', '시래기', '어쩌면', '조금', '지도']"
77,"['할아버지', '보로', '유의', '상황', '위험', '세상', '지역', '다시', '사이', '위해']"
78,"['재벌', '남부', '뒤통수', '목표', '상관', '악녀', '어차피', '여동생', '지오', '무슨']"
79,"['해인', '그녀', '마주', '물의', '사실', '사이', '세계', '주장', '하프', '아버지']"
80,"['최강', '동생', '드래곤', '몬스터', '그녀', '길드', '생기', '전세계', '프라스', '히든']"
81,"['연승', '수련', '성좌', '마력', '발견', '비스', '실마리', '정면', '마주', '말리']"
82,"['요리', '스타', '슐랭', '고장', '오직', '쉐프', '여러분', '요리사', '조합', '레스토랑']"
83,"['아리엘', '주인공', '천재', '조향사', '드릭', '엑스트라', '소설', '위해', '결심', '목숨']"
84,"['도화', '도성', '남편', '기생', '세상', '생년', '서혜', '양반', '주인공', '팔자']"
85,"['레벨', '혼자', '각성', '드레드', '디자인', '로고', '그룹', '등장', '목요일', '연재']"
86,"['하나', '아버지', '싸이코', '연애', '계약', '상대', '제자', '패스', '결론', '고요']"
87,"['납치', '마력', '아빠', '공주', '스윗', '아이', '결혼', '꼬셔', '남자', '아들']"
88,"['무능력자', '백수', '이주', '운영', '채널', '성장', '연두', '키즈', '튜브', '힐링']"
89,"['시간', '영혼', '로맨스', '로맨틱', '엉망', '연분', '상큼', '이유', '하루', '모든']"
90,"['가문', '그녀', '작가', '괴물', '술사', '어둠', '언니', '위해', '각성', '로서']"
91,"['인생', '덕질', '등장인물', '마음껏', '먼저', '소설', '목표', '악녀', '반응', '주변']"
92,"['게임', '어스', '말뚝', '부사관', '사고', '가장', '만발', '바람', '불의', '사수']"
93,"['이혼', '우리', '유래', '결혼', '관계', '남자', '비즈니스', '생각', '연애', '정략']"
94,"['사람', '세계', '남편', '방울', '사랑', '전부', '존경', '생전', '누군가', '로서']"
95,"['악마', '악역', '대형', '로맨스', '부스러기', '욕구', '종신', '지라니', '책임', '해소']"
96,"['심판', '다시', '전생', '고딩', '괴물', '미래', '시작', '악마', '잡기', '사건']"
97,"['아버지', '지금', '황제', '다한', '여기', '이야기', '목요일', '외동딸', '그룹', '드레드']"
98,"['관리자', '에이', '시스템', '권한', '마을', '찰나', '가족', '다짐', '대장장이', '삭제']"
99,"['결혼', '맞이', '별채', '불행', '생활', '죽음', '아이', '과거', '직시', '기회']"
100,"['주인공', '소설', '거래', '과연', '그것', '남성', '라면', '원래', '이야기', '판타지']"
101,"['가문', '영애', '영웅', '사랑', '세계', '카이', '현실', '감동', '결심', '다섯']"
102,"['수상한', '남자', '유안', '소녀', '갈등', '마을', '송골', '시골', '친척', '폐가']"
103,"['전생', '결혼', '백수', '황제', '사랑', '생활', '레아', '감옥', '미래', '승낙']"
104,"['정의', '상제', '대한민국', '지상', '위해', '수석', '구현', '대학교', '사법고시', '속칭']"
105,"['미아', '공주', '대리', '하트', '도우', '계속', '사단', '생활', '서도', '예기']"
106,"['화산', '위해', '사용', '계승', '정체', '성창', '소림사', '시즌', '관계', '강호']"
107,"['묵향', '전동', '오리진', '이야기', '소설', '암살자', '부의', '이용', '아이스', '안내']"
108,"['보라', '능력', '당신', '아이', '달토끼', '과연', '귀신', '선언', '탈출', '간다']"
109,"['일기', '동생', '연우', '교차', '세계', '오벨리스크', '모든', '시작', '오르다', '차원']"
110,"['아씨', '연희', '세자빈', '전하', '저하', '세자', '궁궐', '과연', '마마', '본격']"
111,"['주인공', '마법사', '성격', '로트', '엘리', '원작', '능력', '로맨스', '빙의', '지금']"
112,"['비류', '사부', '무공', '산혈해', '언제', '온실', '용기', '강호', '과연', '로만']"
113,"['공작', '남편', '그것', '결혼', '명줄', '신봉', '애처', '이중', '공처', '마법']"
114,"['하리', '갖은', '생활', '가게', '눈물', '른스트', '시집', '어머니', '작가', '핍박']"
115,"['공략', '여주', '죽음', '하렘', '게임', '악역', '페넬로페', '공녀', '루트', '마법사']"
116,"['영혼', '강철', '계약', '가장', '그것', '다른', '사명', '순간', '절망', '차원']"
117,"['비록', '다행', '불행', '위해', '전령', '정도', '하일', '그것', '나라', '분투']"
118,"['비서', '나니', '눈치', '신입', '역시', '오빠', '자작', '처리', '호식', '경력']"
119,"['하인', '작가', '그녀', '나라', '마녀', '시골', '저택', '하녀', '뮈엘라', '배척']"
120,"['결혼', '세계', '게다가', '여동생', '장난감', '오빠', '사람', '아기', '예언', '아빠']"
121,"['공주', '엘리', '사람', '남편', '꾸러기', '다른', '극적', '기분', '천덕', '사랑']"
122,"['연애', '달달', '시작', '나니', '배틀', '상치', '일단', '치도', '팽팽', '감정']"
123,"['악역', '시작', '영애', '보스', '생활', '소설', '우리', '최종', '혼합', '결혼']"
124,"['모두', '부하', '머리', '번만', '생각', '꼼짝', '맹목', '보이', '서로', '애정']"
125,"['그녀', '시작', '자신', '미래', '모든', '남자', '오라버니', '주변', '핏줄', '현실']"
126,"['플레이어', '어둑', '서리', '여왕', '보스', '최후', '다섯', '마침내', '명의', '포함']"
127,"['가람', '세계', '위해', '가족', '모든', '순간', '여정', '원래', '유령도시', '포함']"
128,"['미래', '백린', '천마', '독점', '봉사', '의료', '내전', '연재', '해외', '대신']"
129,"['교수', '고백', '노예', '인생', '외과', '흉부', '어시', '모든', '천재', '낙점']"
130,"['괴롭힘', '기껏', '냉대', '하녀', '허수아비', '남편', '다음', '생각', '지라', '홍차']"
131,"['소설', '사람', '주인공', '범인', '공작', '입양', '자인', '제의', '이자', '제국']"
132,"['그리드', '불운', '최강', '가상', '게임', '퀘스트', '항상', '현실', '거지', '수행']"
133,"['표범', '토끼', '지금', '새끼', '맹수', '수인', '부모님', '살이', '여덟', '인지']"
134,"['위해', '가족', '칼리', '그녀', '미래', '법칙', '중력', '칼리오페', '능력', '되풀이']"
135,"['디자인', '로맨스', '밍숭', '발행', '블루', '용두', '원작', '타이틀', '판타지', '폐물']"
136,"['기회', '김진현', '의사', '시점', '외과의', '공부', '목표', '여기', '이번', '중학생']"
137,"['키이라', '제트', '가짜', '자신', '죄목', '아빠', '주장', '처형', '친딸', '위해']"
138,"['아이', '구한', '그것', '만큼', '비극', '순진', '궁리', '도대체', '방법', '손가락']"
139,"['소설', '들러리', '구경', '트리', '기왕', '눈물', '다섯', '분량', '수의', '강사']"
140,"['사냥꾼', '움직', '잠깐', '부레', '상어', '움직임', '최고', '마찬가지']"
141,"['인간', '잘못', '물의', '정령', '고등학생', '교통사고', '사망', '사실', '자신', '엘퀴네스']"
142,"['막장', '그냥', '냄새', '도망', '벽난로', '보아', '재앙', '평화로', '누가', '둘둘']"
143,"['삭제', '캐릭터', '레벨', '로서', '감히', '게임', '공인', '무릅쓰', '세계', '이안']"
144,"['황태자', '대장군', '익선', '선의', '연회', '가주', '거절', '능력', '단칼', '대대로']"
145,"['무림', '태경', '접속', '걱정', '게임', '동료', '상급', '이제', '일만', '다시']"
146,"['소스', '폴리아', '기사', '황제', '아크', '그녀', '드레드', '디자인', '관계', '대한']"
147,"['데이지', '결혼', '계약', '과연', '간단', '전문', '금지', '남편', '이혼', '절대']"
148,"['마왕', '위해', '자신', '이름', '이린', '다시', '아이', '아내', '동료', '분투']"
149,"['여동생', '남자', '악당', '더니', '소설', '정신', '짐승', '피폐', '그것', '만난']"
150,"['가득', '영광', '장로', '전란', '주서', '파의', '평생', '후회', '미련', '시대']"
151,"['동생', '스테', '그것', '무한', '문제', '반드시', '시스템', '자살', '주인공', '회귀']"
152,"['서비스', '엔딩', '오직', '종료', '인물']"
153,"['레드', '소설', '버그', '반드시', '영화', '정점', '주인공', '호식', '호의', '차지']"
154,"['슈퍼맨', '지구', '크립톤', '아들', '유전자', '우선', '가족', '각인', '명령', '기계']"
155,"['주원', '이태', '녀석', '더욱', '뜻밖', '로맨스', '모태', '사이', '혼란', '거리']"
156,"['아내', '거기', '고생', '노닥거리', '동생', '이름', '전쟁', '노아', '목표', '이혼']"
157,"['무진', '의사', '도움', '의술', '인생', '그녀', '도로', '마디', '목숨', '민간']"
158,"['마침내', '수라', '역사', '멸문', '바다', '시체', '유구', '자랑', '절망', '지화']"
159,"['세상', '그녀', '마음', '사랑', '남존', '불미', '사건', '여비', '여섯', '연인']"
160,"['센트', '이린', '아빠', '그녀', '리스', '작가', '마차', '자신', '공작', '도대체']"
161,"['게임', '결여', '마음껏', '시작', '아테네', '음식', '의사', '주인공', '판타지', '하루하루']"
162,"['여동생', '자꾸만', '위해', '결혼', '공녀', '대신', '암살', '의문', '정략', '지고']"
163,"['결혼', '남자', '후배', '간직', '계약', '감정', '시일', '아가서', '정도', '그냥']"
164,"['아빠', '마법사', '소설', '원작', '부모님', '줄곧', '친부모', '진짜']"
165,"['얼굴', '내진', '대의', '순간', '아침', '에스티', '제국', '황제', '미남이시네요', '신부']"
166,"['제국', '미래', '언제', '이세', '딜런', '복수', '생각', '시작', '실세', '위해']"
167,"['무신', '유월', '할머니', '아들', '맹주', '무림', '소량', '그녀', '무협', '웅장']"
168,"['과자', '권력', '저하', '베이', '디자인', '일요일', '판타지', '표지', '가희', '디저트']"
169,"['그녀', '모든', '선경', '선녀', '소파', '수선', '정의', '금단', '남편', '부와']"
170,"['정령', '노력', '동안', '모든', '위해', '이건', '일반인', '초인', '귀농', '본격']"
171,"['의문', '감기', '마지막', '배후', '사살', '세력', '압도', '동료', '무기', '사이']"
172,"['그림자', '사랑', '사람', '미궁', '동료', '과거', '눈앞', '마법', '모든', '위해']"
173,"['영애', '후작', '변경백', '위탁', '국경', '몰래', '백작', '신변', '영웅', '자신']"
